[{"id":"BarbBelt_004a","slug":"black-iron-belt","name":"Black Iron Belt","icon":"barbbelt_004a_demonhunter_male","path":"item/black-iron-belt-BarbBelt_004a"},{"id":"P2_Unique_BarbBelt_006","slug":"the-undisputed-champion","name":"The Undisputed Champion","icon":"p2_unique_barbbelt_006_demonhunter_male","path":"item/the-undisputed-champion-P2_Unique_BarbBelt_006"},{"id":"Unique_BarbBelt_005_p1","slug":"lamentation","name":"Lamentation","icon":"unique_barbbelt_005_p1_demonhunter_male","path":"item/lamentation-Unique_BarbBelt_005_p1"},{"id":"BarbBelt_004","slug":"grand-belt","name":"Grand Belt","icon":"barbbelt_004_demonhunter_male","path":"item/grand-belt-BarbBelt_004"},{"id":"Unique_BarbBelt_101_x1","slug":"chilaniks-chain","name":"Chilanik's Chain","icon":"unique_barbbelt_101_x1_demonhunter_male","path":"item/chilaniks-chain-Unique_BarbBelt_101_x1"},{"id":"BarbBelt_101","slug":"baldric","name":"Baldric","icon":"barbbelt_101_demonhunter_male","path":"item/baldric-BarbBelt_101"},{"id":"BarbBelt_205","slug":"platinum-lock","name":"Platinum Lock","icon":"barbbelt_205_demonhunter_male","path":"item/platinum-lock-BarbBelt_205"},{"id":"BarbBelt_003","slug":"braid","name":"Braid","icon":"barbbelt_003_demonhunter_male","path":"item/braid-BarbBelt_003"},{"id":"BarbBelt_202","slug":"bronze-links","name":"Bronze Links","icon":"barbbelt_202_demonhunter_male","path":"item/bronze-links-BarbBelt_202"},{"id":"BarbBelt_104","slug":"steel-chain","name":"Steel Chain","icon":"barbbelt_104_demonhunter_male","path":"item/steel-chain-BarbBelt_104"},{"id":"BarbBelt_201","slug":"lock","name":"Lock","icon":"barbbelt_201_demonhunter_male","path":"item/lock-BarbBelt_201"},{"id":"BarbBelt_001","slug":"warrior-belt","name":"Warrior Belt","icon":"barbbelt_001_demonhunter_male","path":"item/warrior-belt-BarbBelt_001"},{"id":"BarbBelt_002","slug":"harness","name":"Harness","icon":"barbbelt_002_demonhunter_male","path":"item/harness-BarbBelt_002"},{"id":"P2_Unique_BarbBelt_001","slug":"dread-iron","name":"Dread Iron","icon":"p2_unique_barbbelt_001_demonhunter_male","path":"item/dread-iron-P2_Unique_BarbBelt_001"},{"id":"BarbBelt_203","slug":"heavy-baldric","name":"Heavy Baldric","icon":"barbbelt_203_demonhunter_male","path":"item/heavy-baldric-BarbBelt_203"},{"id":"P61_Unique_BarbBelt_EQ","slug":"girdle-of-giants","name":"Girdle of Giants","icon":"p61_unique_barbbelt_eq_demonhunter_male","path":"item/girdle-of-giants-P61_Unique_BarbBelt_EQ"},{"id":"BarbBelt_206","slug":"mighty-scourge","name":"Mighty Scourge","icon":"barbbelt_206_demonhunter_male","path":"item/mighty-scourge-BarbBelt_206"},{"id":"BarbBelt_102","slug":"blade-harness","name":"Blade Harness","icon":"barbbelt_102_demonhunter_male","path":"item/blade-harness-BarbBelt_102"},{"id":"Unique_BarbBelt_002_x1","slug":"pride-of-cassius","name":"Pride of Cassius","icon":"unique_barbbelt_002_x1_demonhunter_male","path":"item/pride-of-cassius-Unique_BarbBelt_002_x1"},{"id":"Unique_BarbBelt_009_x1","slug":"immortal-kings-tribal-binding","name":"Immortal King's Tribal Binding","icon":"unique_barbbelt_009_x1_demonhunter_male","path":"item/immortal-kings-tribal-binding-Unique_BarbBelt_009_x1"},{"id":"BarbBelt_103","slug":"iron-braid","name":"Iron Braid","icon":"barbbelt_103_demonhunter_male","path":"item/iron-braid-BarbBelt_103"},{"id":"BarbBelt_204","slug":"grand-chain","name":"Grand Chain","icon":"barbbelt_204_demonhunter_male","path":"item/grand-chain-BarbBelt_204"}]