[{"id":"Unique_Boots_015_1xx","slug":"cains-sandals","name":"Cain's Sandals","icon":"unique_boots_015_1xx_demonhunter_male","path":"item/cains-sandals-Unique_Boots_015_1xx"},{"id":"Unique_Boots_017_1xx","slug":"captain-crimsons-whalers","name":"Captain Crimson's Whalers","icon":"unique_boots_017_1xx_demonhunter_male","path":"item/captain-crimsons-whalers-Unique_Boots_017_1xx"},{"id":"Unique_Boots_Set_15_x1","slug":"foundation-of-the-earth","name":"Foundation of the Earth","icon":"unique_boots_set_15_x1_demonhunter_male","path":"item/foundation-of-the-earth-Unique_Boots_Set_15_x1"},{"id":"Boots_208","slug":"ascended-greaves","name":"Ascended Greaves","icon":"boots_208_demonhunter_male","path":"item/ascended-greaves-Boots_208"},{"id":"Boots_103","slug":"treads","name":"Treads","icon":"boots_103_demonhunter_male","path":"item/treads-Boots_103"},{"id":"P1_Unique_Boots_010","slug":"the-crudest-boots","name":"The Crudest Boots","icon":"p1_unique_boots_010_demonhunter_male","path":"item/the-crudest-boots-P1_Unique_Boots_010"},{"id":"Unique_Boots_001_x1","slug":"boj-anglers","name":"Boj Anglers","icon":"unique_boots_001_x1_demonhunter_male","path":"item/boj-anglers-Unique_Boots_001_x1"},{"id":"Boots_204","slug":"doom-treads","name":"Doom Treads","icon":"boots_204_demonhunter_male","path":"item/doom-treads-Boots_204"},{"id":"Unique_Boots_005_1xx","slug":"lost-boys","name":"Lost Boys","icon":"unique_boots_005_1xx_demonhunter_male","path":"item/lost-boys-Unique_Boots_005_1xx"},{"id":"Unique_Boots_018_1xx","slug":"sages-journey","name":"Sage's Journey","icon":"unique_boots_018_1xx_demonhunter_male","path":"item/sages-journey-Unique_Boots_018_1xx"},{"id":"Boots_003","slug":"heavy-boots","name":"Heavy Boots","icon":"boots_003_demonhunter_male","path":"item/heavy-boots-Boots_003"},{"id":"P4_Unique_Boots_001","slug":"rivera-dancers","name":"Rivera Dancers","icon":"p4_unique_boots_001_demonhunter_male","path":"item/rivera-dancers-P4_Unique_Boots_001"},{"id":"Unique_Boots_012_x1","slug":"immortal-kings-stride","name":"Immortal King's Stride","icon":"unique_boots_012_x1_demonhunter_male","path":"item/immortal-kings-stride-Unique_Boots_012_x1"},{"id":"Boots_203","slug":"warlord-boots","name":"Warlord Boots","icon":"boots_203_demonhunter_male","path":"item/warlord-boots-Boots_203"},{"id":"Boots_005","slug":"sabatons","name":"Sabatons","icon":"boots_005_demonhunter_male","path":"item/sabatons-Boots_005"},{"id":"Unique_Boots_019_x1","slug":"blackthornes-spurs","name":"Blackthorne's Spurs","icon":"unique_boots_019_x1_demonhunter_male","path":"item/blackthornes-spurs-Unique_Boots_019_x1"},{"id":"P61_Unique_Boots_01","slug":"nilfurs-boast","name":"Nilfur's Boast","icon":"p61_unique_boots_01_demonhunter_male","path":"item/nilfurs-boast-P61_Unique_Boots_01"},{"id":"Unique_Boots_014_1xx","slug":"ashearas-tracks","name":"Asheara's Tracks","icon":"unique_boots_014_1xx_demonhunter_male","path":"item/ashearas-tracks-Unique_Boots_014_1xx"},{"id":"Boots_206","slug":"archon-greaves","name":"Archon Greaves","icon":"boots_206_demonhunter_male","path":"item/archon-greaves-Boots_206"},{"id":"Unique_Boots_008_x1","slug":"ice-climbers","name":"Ice Climbers","icon":"unique_boots_008_x1_demonhunter_male","path":"item/ice-climbers-Unique_Boots_008_x1"},{"id":"Boots_102","slug":"brogans","name":"Brogans","icon":"boots_102_demonhunter_male","path":"item/brogans-Boots_102"},{"id":"Unique_Boots_017_x1","slug":"captain-crimsons-waders","name":"Captain Crimson's Waders","icon":"unique_boots_017_x1_demonhunter_male","path":"item/captain-crimsons-waders-Unique_Boots_017_x1"},{"id":"Boots_201","slug":"balor-treads","name":"Balor Treads","icon":"boots_201_demonhunter_male","path":"item/balor-treads-Boots_201"},{"id":"P2_Unique_Boots_02","slug":"innas-sandals","name":"Inna's Sandals","icon":"p2_unique_boots_02_demonhunter_male","path":"item/innas-sandals-P2_Unique_Boots_02"},{"id":"Boots_205","slug":"sovereign-greaves","name":"Sovereign Greaves","icon":"boots_205_demonhunter_male","path":"item/sovereign-greaves-Boots_205"},{"id":"Boots_101","slug":"silk-shoes","name":"Silk Shoes","icon":"boots_101_demonhunter_male","path":"item/silk-shoes-Boots_101"},{"id":"Unique_Boots_015_x1","slug":"cains-travelers","name":"Cain's Travelers","icon":"unique_boots_015_x1_demonhunter_male","path":"item/cains-travelers-Unique_Boots_015_x1"},{"id":"Unique_Boots_Set_09_x1","slug":"jade-harvesters-swiftness","name":"Jade Harvester's Swiftness","icon":"unique_boots_set_09_x1_demonhunter_male","path":"item/jade-harvesters-swiftness-Unique_Boots_Set_09_x1"},{"id":"Unique_Boots_018_x1","slug":"sages-passage","name":"Sage's Passage","icon":"unique_boots_018_x1_demonhunter_male","path":"item/sages-passage-Unique_Boots_018_x1"},{"id":"Boots_004","slug":"chain-boots","name":"Chain Boots","icon":"boots_004_demonhunter_male","path":"item/chain-boots-Boots_004"},{"id":"Unique_Boots_007_p2","slug":"fire-walkers","name":"Fire Walkers","icon":"unique_boots_007_p2_demonhunter_male","path":"item/fire-walkers-Unique_Boots_007_p2"},{"id":"Unique_Boots_013_x1","slug":"zunimassas-trail","name":"Zunimassa's Trail","icon":"unique_boots_013_x1_demonhunter_male","path":"item/zunimassas-trail-Unique_Boots_013_x1"},{"id":"Boots_105","slug":"battle-greaves","name":"Battle Greaves","icon":"boots_105_demonhunter_male","path":"item/battle-greaves-Boots_105"},{"id":"Unique_Boots_Set_12_x1","slug":"zeal-of-the-invoker","name":"Zeal of the Invoker","icon":"unique_boots_set_12_x1_demonhunter_male","path":"item/zeal-of-the-invoker-Unique_Boots_Set_12_x1"},{"id":"Boots_104","slug":"heavy-sabatons","name":"Heavy Sabatons","icon":"boots_104_demonhunter_male","path":"item/heavy-sabatons-Boots_104"},{"id":"Boots_202","slug":"astral-greaves","name":"Astral Greaves","icon":"boots_202_demonhunter_male","path":"item/astral-greaves-Boots_202"},{"id":"Unique_Boots_103_x1","slug":"illusory-boots","name":"Illusory Boots","icon":"unique_boots_103_x1_demonhunter_male","path":"item/illusory-boots-Unique_Boots_103_x1"},{"id":"Boots_002","slug":"boots","name":"Boots","icon":"boots_002_demonhunter_male","path":"item/boots-Boots_002"},{"id":"Unique_Boots_014_x1","slug":"ashearas-finders","name":"Asheara's Finders","icon":"unique_boots_014_x1_demonhunter_male","path":"item/ashearas-finders-Unique_Boots_014_x1"},{"id":"Unique_Boots_010_x1","slug":"the-crudest-boots","name":"The Crudest Boots","icon":"unique_boots_010_x1_demonhunter_male","path":"item/the-crudest-boots-Unique_Boots_010_x1"},{"id":"PH_Boots","slug":"mystery-boots","name":"Mystery Boots","icon":"ph_boots_demonhunter_male","path":"item/mystery-boots-PH_Boots"},{"id":"Boots_207","slug":"rakkisgard-greaves","name":"Rakkisgard Greaves","icon":"boots_207_demonhunter_male","path":"item/rakkisgard-greaves-Boots_207"},{"id":"Boots_006","slug":"greaves","name":"Greaves","icon":"boots_006_demonhunter_male","path":"item/greaves-Boots_006"},{"id":"Unique_Boots_102_x1","slug":"boots-of-disregard","name":"Boots of Disregard","icon":"unique_boots_102_x1_demonhunter_male","path":"item/boots-of-disregard-Unique_Boots_102_x1"},{"id":"Unique_Boots_Set_14_x1","slug":"the-shadows-heels","name":"The Shadow's Heels","icon":"unique_boots_set_14_x1_demonhunter_male","path":"item/the-shadows-heels-Unique_Boots_Set_14_x1"},{"id":"Unique_Boots_Set_13_x1","slug":"vyrs-swaggering-stance","name":"Vyr's Swaggering Stance","icon":"unique_boots_set_13_x1_demonhunter_male","path":"item/vyrs-swaggering-stance-Unique_Boots_Set_13_x1"},{"id":"Unique_Boots_009_x1","slug":"lut-socks","name":"Lut Socks","icon":"unique_boots_009_x1_demonhunter_male","path":"item/lut-socks-Unique_Boots_009_x1"},{"id":"Unique_Boots_104_x1","slug":"irontoe-mudsputters","name":"Irontoe Mudsputters","icon":"unique_boots_104_x1_demonhunter_male","path":"item/irontoe-mudsputters-Unique_Boots_104_x1"},{"id":"Unique_Boots_005_x1","slug":"board-walkers","name":"Board Walkers","icon":"unique_boots_005_x1_demonhunter_male","path":"item/board-walkers-Unique_Boots_005_x1"},{"id":"Boots_001","slug":"shoes","name":"Shoes","icon":"boots_001_demonhunter_male","path":"item/shoes-Boots_001"},{"id":"Unique_Boots_011_x1","slug":"natalyas-bloody-footprints","name":"Natalya's Bloody Footprints","icon":"unique_boots_011_x1_demonhunter_male","path":"item/natalyas-bloody-footprints-Unique_Boots_011_x1"},{"id":"Unique_Boots_007_x1","slug":"fire-walkers","name":"Fire Walkers","icon":"unique_boots_007_x1_demonhunter_male","path":"item/fire-walkers-Unique_Boots_007_x1"}]