[{"id":"Unique_Chest_001_x1","slug":"goldskin","name":"Goldskin","icon":"unique_chest_001_x1_demonhunter_male","path":"item/goldskin-Unique_Chest_001_x1"},{"id":"Unique_Chest_Set_09_x1","slug":"jade-harvesters-peace","name":"Jade Harvester's Peace","icon":"unique_chest_set_09_x1_demonhunter_male","path":"item/jade-harvesters-peace-Unique_Chest_Set_09_x1"},{"id":"Unique_Chest_025_1xx","slug":"borns-heart-of-steel","name":"Born's Heart of Steel","icon":"unique_chest_025_1xx_demonhunter_male","path":"item/borns-heart-of-steel-Unique_Chest_025_1xx"},{"id":"Unique_Chest_101_x1","slug":"shi-mizus-haori","name":"Shi Mizu's Haori","icon":"unique_chest_101_x1_demonhunter_male","path":"item/shi-mizus-haori-Unique_Chest_101_x1"},{"id":"Unique_Chest_016_x1","slug":"zunimassas-marrow","name":"Zunimassa's Marrow","icon":"unique_chest_016_x1_demonhunter_male","path":"item/zunimassas-marrow-Unique_Chest_016_x1"},{"id":"Unique_Chest_013_x1","slug":"immortal-kings-eternal-reign","name":"Immortal King's Eternal Reign","icon":"unique_chest_013_x1_demonhunter_male","path":"item/immortal-kings-eternal-reign-Unique_Chest_013_x1"},{"id":"Unique_Chest_019_x1","slug":"mantle-of-the-rydraelm","name":"Mantle of the Rydraelm","icon":"unique_chest_019_x1_demonhunter_male","path":"item/mantle-of-the-rydraelm-Unique_Chest_019_x1"},{"id":"Unique_Chest_026_1xx","slug":"aughilds-dominion","name":"Aughild's Dominion","icon":"unique_chest_026_1xx_demonhunter_male","path":"item/aughilds-dominion-Unique_Chest_026_1xx"},{"id":"Unique_Chest_027_x1","slug":"demons-marrow","name":"Demon's Marrow","icon":"unique_chest_027_x1_demonhunter_male","path":"item/demons-marrow-Unique_Chest_027_x1"},{"id":"Unique_ChestArmor_028_x1","slug":"blackthornes-surcoat","name":"Blackthorne's Surcoat","icon":"unique_chestarmor_028_x1_demonhunter_male","path":"item/blackthornes-surcoat-Unique_ChestArmor_028_x1"},{"id":"Unique_Chest_027_1xx","slug":"demons-heart","name":"Demon's Heart","icon":"unique_chest_027_1xx_demonhunter_male","path":"item/demons-heart-Unique_Chest_027_1xx"},{"id":"P4_Unique_Chest_012","slug":"aquila-cuirass","name":"Aquila Cuirass","icon":"p4_unique_chest_012_demonhunter_male","path":"item/aquila-cuirass-P4_Unique_Chest_012"},{"id":"Unique_Chest_102_x1","slug":"armor-of-the-kind-regent","name":"Armor of the Kind Regent","icon":"unique_chest_102_x1_demonhunter_male","path":"item/armor-of-the-kind-regent-Unique_Chest_102_x1"},{"id":"Unique_Chest_014_x1","slug":"tal-rashas-relentless-pursuit","name":"Tal Rasha's Relentless Pursuit","icon":"unique_chest_014_x1_demonhunter_male","path":"item/tal-rashas-relentless-pursuit-Unique_Chest_014_x1"},{"id":"p43_RetroArmor_001","slug":"godly-plate-of-the-whale","name":"Godly Plate of the Whale","icon":"p43_retroarmor_001_demonhunter_male","path":"item/godly-plate-of-the-whale-p43_RetroArmor_001"},{"id":"Unique_Chest_002_x1","slug":"tyraels-might","name":"Tyrael's Might","icon":"unique_chest_002_x1_demonhunter_male","path":"item/tyraels-might-Unique_Chest_002_x1"},{"id":"Unique_Chest_Set_15_x1","slug":"spirit-of-the-earth","name":"Spirit of the Earth","icon":"unique_chest_set_15_x1_demonhunter_male","path":"item/spirit-of-the-earth-Unique_Chest_Set_15_x1"},{"id":"Unique_Chest_025_x1","slug":"borns-frozen-soul","name":"Born's Frozen Soul","icon":"unique_chest_025_x1_demonhunter_male","path":"item/borns-frozen-soul-Unique_Chest_025_x1"},{"id":"Unique_Chest_010_x1","slug":"chaingmail","name":"Chaingmail","icon":"unique_chest_010_x1_demonhunter_male","path":"item/chaingmail-Unique_Chest_010_x1"},{"id":"p43_RetroArmor_002","slug":"arkaines-valor","name":"Arkaine's Valor","icon":"p43_retroarmor_002_demonhunter_male","path":"item/arkaines-valor-p43_RetroArmor_002"},{"id":"P4_Unique_Chest_018","slug":"heart-of-iron","name":"Heart of Iron","icon":"p4_unique_chest_018_demonhunter_male","path":"item/heart-of-iron-P4_Unique_Chest_018"},{"id":"Unique_Chest_Set_14_x1","slug":"the-shadows-bane","name":"The Shadow's Bane","icon":"unique_chest_set_14_x1_demonhunter_male","path":"item/the-shadows-bane-Unique_Chest_Set_14_x1"},{"id":"Unique_Chest_006_x1","slug":"cindercoat","name":"Cindercoat","icon":"unique_chest_006_x1_demonhunter_male","path":"item/cindercoat-Unique_Chest_006_x1"},{"id":"Unique_Chest_026_x1","slug":"aughilds-rule","name":"Aughild's Rule","icon":"unique_chest_026_x1_demonhunter_male","path":"item/aughilds-rule-Unique_Chest_026_x1"},{"id":"Unique_Chest_Set_11_x1","slug":"sunwukos-soul","name":"Sunwuko's Soul","icon":"unique_chest_set_11_x1_demonhunter_male","path":"item/sunwukos-soul-Unique_Chest_Set_11_x1"},{"id":"Unique_Chest_015_x1","slug":"innas-vast-expanse","name":"Inna's Vast Expanse","icon":"unique_chest_015_x1_demonhunter_male","path":"item/innas-vast-expanse-Unique_Chest_015_x1"},{"id":"Unique_Chest_Set_13_x1","slug":"vyrs-astonishing-aura","name":"Vyr's Astonishing Aura","icon":"unique_chest_set_13_x1_demonhunter_male","path":"item/vyrs-astonishing-aura-Unique_Chest_Set_13_x1"},{"id":"Unique_Chest_019_1xx","slug":"robes-of-the-rydraelm","name":"Robes of the Rydraelm","icon":"unique_chest_019_1xx_demonhunter_male","path":"item/robes-of-the-rydraelm-Unique_Chest_019_1xx"}]