[{"id":"CraftingPlan_Jeweler_GemCombine_Topaz_14_15","slug":"faded-recipe","name":"Faded Recipe","icon":"craftingplan_jeweler_gemcombine_topaz_14_15_demonhunter_male","path":"item/faded-recipe-CraftingPlan_Jeweler_GemCombine_Topaz_14_15"},{"id":"CraftingPlan_Jeweler_GemCombine_x1_Diamond_09_10","slug":"design-flawless-royal-diamond","name":"Design: Flawless Royal Diamond","icon":"craftingplan_jeweler_gemcombine_x1_diamond_09_10_demonhunter_male","path":"item/design-flawless-royal-diamond-CraftingPlan_Jeweler_GemCombine_x1_Diamond_09_10"},{"id":"CraftingPlan_Jeweler_GemCombine_Topaz_18_19","slug":"design-flawless-royal-topaz","name":"Design: Flawless Royal Topaz","icon":"craftingplan_jeweler_gemcombine_topaz_18_19_demonhunter_male","path":"item/design-flawless-royal-topaz-CraftingPlan_Jeweler_GemCombine_Topaz_18_19"},{"id":"CraftingPlan_Jeweler_GemCombine_x1_Diamond_08_09","slug":"design-royal-diamond","name":"Design: Royal Diamond","icon":"craftingplan_jeweler_gemcombine_x1_diamond_08_09_demonhunter_male","path":"item/design-royal-diamond-CraftingPlan_Jeweler_GemCombine_x1_Diamond_08_09"},{"id":"CraftingPlan_Jeweler_GemCombine_Emerald_13_14","slug":"faded-recipe","name":"Faded Recipe","icon":"craftingplan_jeweler_gemcombine_emerald_13_14_demonhunter_male","path":"item/faded-recipe-CraftingPlan_Jeweler_GemCombine_Emerald_13_14"},{"id":"CraftingPlan_Jeweler_GemCombine_Emerald_12_13","slug":"faded-recipe","name":"Faded Recipe","icon":"craftingplan_jeweler_gemcombine_emerald_12_13_demonhunter_male","path":"item/faded-recipe-CraftingPlan_Jeweler_GemCombine_Emerald_12_13"},{"id":"CraftingPlan_Jeweler_12_Legendary_Hellfire_Ring_x1","slug":"design-hellfire-ring","name":"Design: Hellfire Ring","icon":"craftingplan_jeweler_12_legendary_hellfire_ring_x1_demonhunter_male","path":"item/design-hellfire-ring-CraftingPlan_Jeweler_12_Legendary_Hellfire_Ring_x1"},{"id":"CraftingPlan_Jeweler_GemCombine_x1_Amethyst_08_09","slug":"design-royal-amethyst","name":"Design: Royal Amethyst","icon":"craftingplan_jeweler_gemcombine_x1_amethyst_08_09_demonhunter_male","path":"item/design-royal-amethyst-CraftingPlan_Jeweler_GemCombine_x1_Amethyst_08_09"},{"id":"CraftingPlan_Jeweler_GemCombine_Ruby_14_15","slug":"faded-recipe","name":"Faded Recipe","icon":"craftingplan_jeweler_gemcombine_ruby_14_15_demonhunter_male","path":"item/faded-recipe-CraftingPlan_Jeweler_GemCombine_Ruby_14_15"},{"id":"CraftingPlan_Smith_T11_Amulet_Dex","slug":"design-amulet-of-dexterity","name":"Design: Amulet of Dexterity","icon":"craftingplan_smith_t11_amulet_dex_demonhunter_male","path":"item/design-amulet-of-dexterity-CraftingPlan_Smith_T11_Amulet_Dex"},{"id":"CraftingPlan_Smith_T11_Amulet_Str","slug":"design-amulet-of-strength","name":"Design: Amulet of Strength","icon":"craftingplan_smith_t11_amulet_str_demonhunter_male","path":"item/design-amulet-of-strength-CraftingPlan_Smith_T11_Amulet_Str"},{"id":"CraftingPlan_Jeweler_GemCombine_Diamond_17_18","slug":"design-royal-diamond","name":"Design: Royal Diamond","icon":"craftingplan_jeweler_gemcombine_diamond_17_18_demonhunter_male","path":"item/design-royal-diamond-CraftingPlan_Jeweler_GemCombine_Diamond_17_18"},{"id":"CraftingPlan_Jeweler_GemCombine_Topaz_11_12","slug":"faded-recipe","name":"Faded Recipe","icon":"craftingplan_jeweler_gemcombine_topaz_11_12_demonhunter_male","path":"item/faded-recipe-CraftingPlan_Jeweler_GemCombine_Topaz_11_12"},{"id":"CraftingPlan_Jeweler_GemCombine_Ruby_18_19","slug":"design-flawless-royal-ruby","name":"Design: Flawless Royal Ruby","icon":"craftingplan_jeweler_gemcombine_ruby_18_19_demonhunter_male","path":"item/design-flawless-royal-ruby-CraftingPlan_Jeweler_GemCombine_Ruby_18_19"},{"id":"CraftingPlan_Jeweler_GemCombine_Amethyst_17_18","slug":"design-royal-amethyst","name":"Design: Royal Amethyst","icon":"craftingplan_jeweler_gemcombine_amethyst_17_18_demonhunter_male","path":"item/design-royal-amethyst-CraftingPlan_Jeweler_GemCombine_Amethyst_17_18"},{"id":"CraftingPlan_Jeweler_GemCombine_Emerald_18_19","slug":"design-flawless-royal-emerald","name":"Design: Flawless Royal Emerald","icon":"craftingplan_jeweler_gemcombine_emerald_18_19_demonhunter_male","path":"item/design-flawless-royal-emerald-CraftingPlan_Jeweler_GemCombine_Emerald_18_19"},{"id":"CraftingPlan_Jeweler_GemCombine_Amethyst_13_14","slug":"faded-recipe","name":"Faded Recipe","icon":"craftingplan_jeweler_gemcombine_amethyst_13_14_demonhunter_male","path":"item/faded-recipe-CraftingPlan_Jeweler_GemCombine_Amethyst_13_14"},{"id":"CraftingPlan_Jeweler_GemCombine_x1_Topaz_08_09","slug":"design-royal-topaz","name":"Design: Royal Topaz","icon":"craftingplan_jeweler_gemcombine_x1_topaz_08_09_demonhunter_male","path":"item/design-royal-topaz-CraftingPlan_Jeweler_GemCombine_x1_Topaz_08_09"},{"id":"CraftingPlan_Jeweler_GemCombine_Topaz_17_18","slug":"design-royal-topaz","name":"Design: Royal Topaz","icon":"craftingplan_jeweler_gemcombine_topaz_17_18_demonhunter_male","path":"item/design-royal-topaz-CraftingPlan_Jeweler_GemCombine_Topaz_17_18"},{"id":"CraftingPlan_Jeweler_GemCombine_Ruby_12_13","slug":"faded-recipe","name":"Faded Recipe","icon":"craftingplan_jeweler_gemcombine_ruby_12_13_demonhunter_male","path":"item/faded-recipe-CraftingPlan_Jeweler_GemCombine_Ruby_12_13"},{"id":"CraftingPlan_Jeweler_GemCombine_Emerald_17_18","slug":"design-royal-emerald","name":"Design: Royal Emerald","icon":"craftingplan_jeweler_gemcombine_emerald_17_18_demonhunter_male","path":"item/design-royal-emerald-CraftingPlan_Jeweler_GemCombine_Emerald_17_18"},{"id":"CraftingPlan_Jeweler_GemCombine_Emerald_11_12","slug":"faded-recipe","name":"Faded Recipe","icon":"craftingplan_jeweler_gemcombine_emerald_11_12_demonhunter_male","path":"item/faded-recipe-CraftingPlan_Jeweler_GemCombine_Emerald_11_12"},{"id":"CraftingPlan_Jeweler_GemCombine_Topaz_12_13","slug":"faded-recipe","name":"Faded Recipe","icon":"craftingplan_jeweler_gemcombine_topaz_12_13_demonhunter_male","path":"item/faded-recipe-CraftingPlan_Jeweler_GemCombine_Topaz_12_13"},{"id":"CraftingPlan_Jeweler_GemCombine_Diamond_18_19","slug":"design-flawless-royal-diamond","name":"Design: Flawless Royal Diamond","icon":"craftingplan_jeweler_gemcombine_diamond_18_19_demonhunter_male","path":"item/design-flawless-royal-diamond-CraftingPlan_Jeweler_GemCombine_Diamond_18_19"},{"id":"CraftingPlan_Jeweler_GemCombine_Ruby_11_12","slug":"faded-recipe","name":"Faded Recipe","icon":"craftingplan_jeweler_gemcombine_ruby_11_12_demonhunter_male","path":"item/faded-recipe-CraftingPlan_Jeweler_GemCombine_Ruby_11_12"},{"id":"CraftingPlan_Jeweler_GemCombine_x1_Emerald_08_09","slug":"design-royal-emerald","name":"Design: Royal Emerald","icon":"craftingplan_jeweler_gemcombine_x1_emerald_08_09_demonhunter_male","path":"item/design-royal-emerald-CraftingPlan_Jeweler_GemCombine_x1_Emerald_08_09"},{"id":"CraftingPlan_Jeweler_12_Legendary_Hellfire_Amulet_x1","slug":"design-hellfire-amulet","name":"Design: Hellfire Amulet","icon":"craftingplan_jeweler_12_legendary_hellfire_amulet_x1_demonhunter_male","path":"item/design-hellfire-amulet-CraftingPlan_Jeweler_12_Legendary_Hellfire_Amulet_x1"},{"id":"CraftingPlan_Smith_T11_Amulet_Vit","slug":"design-amulet-of-vitality","name":"Design: Amulet of Vitality","icon":"craftingplan_smith_t11_amulet_vit_demonhunter_male","path":"item/design-amulet-of-vitality-CraftingPlan_Smith_T11_Amulet_Vit"},{"id":"CraftingPlan_Jeweler_GemCombine_x1_Ruby_09_10","slug":"design-flawless-royal-ruby","name":"Design: Flawless Royal Ruby","icon":"craftingplan_jeweler_gemcombine_x1_ruby_09_10_demonhunter_male","path":"item/design-flawless-royal-ruby-CraftingPlan_Jeweler_GemCombine_x1_Ruby_09_10"},{"id":"CraftingPlan_Jeweler_GemCombine_x1_Amethyst_09_10","slug":"design-flawless-royal-amethyst","name":"Design: Flawless Royal Amethyst","icon":"craftingplan_jeweler_gemcombine_x1_amethyst_09_10_demonhunter_male","path":"item/design-flawless-royal-amethyst-CraftingPlan_Jeweler_GemCombine_x1_Amethyst_09_10"},{"id":"CraftingPlan_Jeweler_GemCombine_Amethyst_12_13","slug":"faded-recipe","name":"Faded Recipe","icon":"craftingplan_jeweler_gemcombine_amethyst_12_13_demonhunter_male","path":"item/faded-recipe-CraftingPlan_Jeweler_GemCombine_Amethyst_12_13"},{"id":"CraftingPlan_Jeweler_GemCombine_Ruby_13_14","slug":"faded-recipe","name":"Faded Recipe","icon":"craftingplan_jeweler_gemcombine_ruby_13_14_demonhunter_male","path":"item/faded-recipe-CraftingPlan_Jeweler_GemCombine_Ruby_13_14"},{"id":"CraftingPlan_Jeweler_ShardRing","slug":"design-hellfire-ring","name":"Design: Hellfire Ring","icon":"craftingplan_jeweler_shardring_demonhunter_male","path":"item/design-hellfire-ring-CraftingPlan_Jeweler_ShardRing"},{"id":"CraftingPlan_Jeweler_GemCombine_x1_Emerald_09_10","slug":"design-flawless-royal-emerald","name":"Design: Flawless Royal Emerald","icon":"craftingplan_jeweler_gemcombine_x1_emerald_09_10_demonhunter_male","path":"item/design-flawless-royal-emerald-CraftingPlan_Jeweler_GemCombine_x1_Emerald_09_10"},{"id":"CraftingPlan_Jeweler_GemCombine_Amethyst_11_12","slug":"faded-recipe","name":"Faded Recipe","icon":"craftingplan_jeweler_gemcombine_amethyst_11_12_demonhunter_male","path":"item/faded-recipe-CraftingPlan_Jeweler_GemCombine_Amethyst_11_12"},{"id":"CraftingPlan_Smith_T11_Amulet_Int","slug":"design-amulet-of-intelligence","name":"Design: Amulet of Intelligence","icon":"craftingplan_smith_t11_amulet_int_demonhunter_male","path":"item/design-amulet-of-intelligence-CraftingPlan_Smith_T11_Amulet_Int"},{"id":"CraftingPlan_Jeweler_GemCombine_x1_Ruby_08_09","slug":"design-royal-ruby","name":"Design: Royal Ruby","icon":"craftingplan_jeweler_gemcombine_x1_ruby_08_09_demonhunter_male","path":"item/design-royal-ruby-CraftingPlan_Jeweler_GemCombine_x1_Ruby_08_09"},{"id":"CraftingPlan_Jeweler_GemCombine_x1_Topaz_09_10","slug":"design-flawless-royal-topaz","name":"Design: Flawless Royal Topaz","icon":"craftingplan_jeweler_gemcombine_x1_topaz_09_10_demonhunter_male","path":"item/design-flawless-royal-topaz-CraftingPlan_Jeweler_GemCombine_x1_Topaz_09_10"},{"id":"CraftingPlan_Jeweler_GemCombine_Emerald_14_15","slug":"faded-recipe","name":"Faded Recipe","icon":"craftingplan_jeweler_gemcombine_emerald_14_15_demonhunter_male","path":"item/faded-recipe-CraftingPlan_Jeweler_GemCombine_Emerald_14_15"},{"id":"CraftingPlan_Jeweler_GemCombine_Topaz_13_14","slug":"faded-recipe","name":"Faded Recipe","icon":"craftingplan_jeweler_gemcombine_topaz_13_14_demonhunter_male","path":"item/faded-recipe-CraftingPlan_Jeweler_GemCombine_Topaz_13_14"},{"id":"CraftingPlan_Jeweler_GemCombine_Ruby_17_18","slug":"design-royal-ruby","name":"Design: Royal Ruby","icon":"craftingplan_jeweler_gemcombine_ruby_17_18_demonhunter_male","path":"item/design-royal-ruby-CraftingPlan_Jeweler_GemCombine_Ruby_17_18"},{"id":"CraftingPlan_Jeweler_GemCombine_Amethyst_14_15","slug":"faded-recipe","name":"Faded Recipe","icon":"craftingplan_jeweler_gemcombine_amethyst_14_15_demonhunter_male","path":"item/faded-recipe-CraftingPlan_Jeweler_GemCombine_Amethyst_14_15"},{"id":"CraftingPlan_Jeweler_GemCombine_Amethyst_18_19","slug":"design-flawless-royal-amethyst","name":"Design: Flawless Royal Amethyst","icon":"craftingplan_jeweler_gemcombine_amethyst_18_19_demonhunter_male","path":"item/design-flawless-royal-amethyst-CraftingPlan_Jeweler_GemCombine_Amethyst_18_19"}]