[{"id":"CraftingPlan_Smith_T10_Weapon_Sword_2H_06","slug":"plan-exalted-grand-oni-blade","name":"Plan: Exalted Grand Oni Blade","icon":"craftingplan_smith_t10_weapon_sword_2h_06_demonhunter_male","path":"item/plan-exalted-grand-oni-blade-CraftingPlan_Smith_T10_Weapon_Sword_2H_06"},{"id":"CraftingPlan_Smith_T10_Weapon_Staff_05","slug":"plan-exalted-fine-mythical-staff","name":"Plan: Exalted Fine Mythical Staff","icon":"craftingplan_smith_t10_weapon_staff_05_demonhunter_male","path":"item/plan-exalted-fine-mythical-staff-CraftingPlan_Smith_T10_Weapon_Staff_05"},{"id":"CraftingPlan_Smith_T10_Armor_Boots_06","slug":"plan-exalted-grand-sovereign-greaves","name":"Plan: Exalted Grand Sovereign Greaves","icon":"craftingplan_smith_t10_armor_boots_06_demonhunter_male","path":"item/plan-exalted-grand-sovereign-greaves-CraftingPlan_Smith_T10_Armor_Boots_06"},{"id":"CraftingPlan_Smith_T10_Weapon_Quiver_05","slug":"plan-exalted-fine-runic-quiver","name":"Plan: Exalted Fine Runic Quiver","icon":"craftingplan_smith_t10_weapon_quiver_05_demonhunter_male","path":"item/plan-exalted-fine-runic-quiver-CraftingPlan_Smith_T10_Weapon_Quiver_05"},{"id":"CraftingPlan_Smith_T11_Armor_Bracers_Str","slug":"plan-razorspikes-of-strength","name":"Plan: Razorspikes of Strength","icon":"craftingplan_smith_t11_armor_bracers_str_demonhunter_male","path":"item/plan-razorspikes-of-strength-CraftingPlan_Smith_T11_Armor_Bracers_Str"},{"id":"CraftingPlan_Smith_T10_Armor_Shield_06","slug":"plan-exalted-grand-dread-shield","name":"Plan: Exalted Grand Dread Shield","icon":"craftingplan_smith_t10_armor_shield_06_demonhunter_male","path":"item/plan-exalted-grand-dread-shield-CraftingPlan_Smith_T10_Armor_Shield_06"},{"id":"CraftingPlan_Smith_T10_Armor_Bracers_06","slug":"plan-exalted-grand-armplates","name":"Plan: Exalted Grand Armplates","icon":"craftingplan_smith_t10_armor_bracers_06_demonhunter_male","path":"item/plan-exalted-grand-armplates-CraftingPlan_Smith_T10_Armor_Bracers_06"},{"id":"CraftingPlan_Smith_T10_Armor_Shield_04","slug":"plan-exalted-dread-shield","name":"Plan: Exalted Dread Shield","icon":"craftingplan_smith_t10_armor_shield_04_demonhunter_male","path":"item/plan-exalted-dread-shield-CraftingPlan_Smith_T10_Armor_Shield_04"},{"id":"CraftingPlan_Smith_T10_Weapon_MightyWeapon_1H_04","slug":"plan-exalted-massacre-axe","name":"Plan: Exalted Massacre Axe","icon":"craftingplan_smith_t10_weapon_mightyweapon_1h_04_demonhunter_male","path":"item/plan-exalted-massacre-axe-CraftingPlan_Smith_T10_Weapon_MightyWeapon_1H_04"},{"id":"CraftingPlan_Smith_T10_Weapon_Mace_2H_06","slug":"plan-exalted-grand-slag-hammer","name":"Plan: Exalted Grand Slag Hammer","icon":"craftingplan_smith_t10_weapon_mace_2h_06_demonhunter_male","path":"item/plan-exalted-grand-slag-hammer-CraftingPlan_Smith_T10_Weapon_Mace_2H_06"},{"id":"CraftingPlan_Smith_T10_Armor_Chest_05","slug":"plan-exalted-fine-sovereign-mail","name":"Plan: Exalted Fine Sovereign Mail","icon":"craftingplan_smith_t10_armor_chest_05_demonhunter_male","path":"item/plan-exalted-fine-sovereign-mail-CraftingPlan_Smith_T10_Armor_Chest_05"},{"id":"CraftingPlan_Smith_T10_Weapon_MightyWeapon_2H_05","slug":"plan-exalted-fine-behemoth","name":"Plan: Exalted Fine Behemoth","icon":"craftingplan_smith_t10_weapon_mightyweapon_2h_05_demonhunter_male","path":"item/plan-exalted-fine-behemoth-CraftingPlan_Smith_T10_Weapon_MightyWeapon_2H_05"},{"id":"CraftingPlan_Smith_T10_Armor_Helm_05","slug":"plan-exalted-fine-sovereign-helm","name":"Plan: Exalted Fine Sovereign Helm","icon":"craftingplan_smith_t10_armor_helm_05_demonhunter_male","path":"item/plan-exalted-fine-sovereign-helm-CraftingPlan_Smith_T10_Armor_Helm_05"},{"id":"CraftingPlan_Smith_T10_Armor_Belt_05","slug":"plan-exalted-fine-heaven-strand","name":"Plan: Exalted Fine Heaven Strand","icon":"craftingplan_smith_t10_armor_belt_05_demonhunter_male","path":"item/plan-exalted-fine-heaven-strand-CraftingPlan_Smith_T10_Armor_Belt_05"},{"id":"CraftingPlan_Smith_T10_Weapon_MightyWeapon_2H_04","slug":"plan-exalted-behemoth","name":"Plan: Exalted Behemoth","icon":"craftingplan_smith_t10_weapon_mightyweapon_2h_04_demonhunter_male","path":"item/plan-exalted-behemoth-CraftingPlan_Smith_T10_Weapon_MightyWeapon_2H_04"},{"id":"CraftingPlan_Smith_T10_Armor_Helm_06","slug":"plan-exalted-grand-sovereign-helm","name":"Plan: Exalted Grand Sovereign Helm","icon":"craftingplan_smith_t10_armor_helm_06_demonhunter_male","path":"item/plan-exalted-grand-sovereign-helm-CraftingPlan_Smith_T10_Armor_Helm_06"},{"id":"CraftingPlan_Smith_T10_Armor_Pants_05","slug":"plan-exalted-fine-sovereign-tassets","name":"Plan: Exalted Fine Sovereign Tassets","icon":"craftingplan_smith_t10_armor_pants_05_demonhunter_male","path":"item/plan-exalted-fine-sovereign-tassets-CraftingPlan_Smith_T10_Armor_Pants_05"},{"id":"CraftingPlan_Smith_T10_Weapon_Wand_05","slug":"plan-exalted-fine-strike-wand","name":"Plan: Exalted Fine Strike Wand","icon":"craftingplan_smith_t10_weapon_wand_05_demonhunter_male","path":"item/plan-exalted-fine-strike-wand-CraftingPlan_Smith_T10_Weapon_Wand_05"},{"id":"CraftingPlan_Smith_T10_Armor_Shoulders_05","slug":"plan-exalted-fine-pallium","name":"Plan: Exalted Fine Pallium","icon":"craftingplan_smith_t10_armor_shoulders_05_demonhunter_male","path":"item/plan-exalted-fine-pallium-CraftingPlan_Smith_T10_Armor_Shoulders_05"},{"id":"CraftingPlan_Smith_T10_Weapon_CeremonialKnife_05","slug":"plan-exalted-fine-flesh-ripper","name":"Plan: Exalted Fine Flesh Ripper","icon":"craftingplan_smith_t10_weapon_ceremonialknife_05_demonhunter_male","path":"item/plan-exalted-fine-flesh-ripper-CraftingPlan_Smith_T10_Weapon_CeremonialKnife_05"},{"id":"CraftingPlan_Smith_T10_Weapon_Mace_1H_05","slug":"plan-exalted-fine-crag-hammer","name":"Plan: Exalted Fine Crag Hammer","icon":"craftingplan_smith_t10_weapon_mace_1h_05_demonhunter_male","path":"item/plan-exalted-fine-crag-hammer-CraftingPlan_Smith_T10_Weapon_Mace_1H_05"},{"id":"CraftingPlan_Smith_T11_Armor_Gloves_Vit","slug":"plan-archon-gauntlets-of-vitality","name":"Plan: Archon Gauntlets of Vitality","icon":"craftingplan_smith_t11_armor_gloves_vit_demonhunter_male","path":"item/plan-archon-gauntlets-of-vitality-CraftingPlan_Smith_T11_Armor_Gloves_Vit"},{"id":"CraftingPlan_Smith_T11_Armor_Shoulders_Int","slug":"plan-archon-spaulders-of-intelligence","name":"Plan: Archon Spaulders of Intelligence","icon":"craftingplan_smith_t11_armor_shoulders_int_demonhunter_male","path":"item/plan-archon-spaulders-of-intelligence-CraftingPlan_Smith_T11_Armor_Shoulders_Int"},{"id":"CraftingPlan_Smith_T10_Armor_SpiritStone_06","slug":"plan-exalted-grand-ghost-sight","name":"Plan: Exalted Grand Ghost Sight","icon":"craftingplan_smith_t10_armor_spiritstone_06_demonhunter_male","path":"item/plan-exalted-grand-ghost-sight-CraftingPlan_Smith_T10_Armor_SpiritStone_06"},{"id":"CraftingPlan_Smith_Smith_RedPortalDevice","slug":"plan-infernal-machine","name":"Plan: Infernal Machine","icon":"craftingplan_smith_smith_redportaldevice_demonhunter_male","path":"item/plan-infernal-machine-CraftingPlan_Smith_Smith_RedPortalDevice"},{"id":"CraftingPlan_Smith_T10_Weapon_Mojo_05","slug":"plan-exalted-fine-unspeakable-thing","name":"Plan: Exalted Fine Unspeakable Thing","icon":"craftingplan_smith_t10_weapon_mojo_05_demonhunter_male","path":"item/plan-exalted-fine-unspeakable-thing-CraftingPlan_Smith_T10_Weapon_Mojo_05"},{"id":"CraftingPlan_Smith_T10_Weapon_Dagger_06","slug":"plan-exalted-grand-piercer","name":"Plan: Exalted Grand Piercer","icon":"craftingplan_smith_t10_weapon_dagger_06_demonhunter_male","path":"item/plan-exalted-grand-piercer-CraftingPlan_Smith_T10_Weapon_Dagger_06"},{"id":"CraftingPlan_Smith_T10_Armor_Cloak_06","slug":"plan-exalted-grand-stalker-cape","name":"Plan: Exalted Grand Stalker Cape","icon":"craftingplan_smith_t10_armor_cloak_06_demonhunter_male","path":"item/plan-exalted-grand-stalker-cape-CraftingPlan_Smith_T10_Armor_Cloak_06"},{"id":"CraftingPlan_Smith_Smith_StaffofCow","slug":"plan-staff-of-herding","name":"Plan: Staff of Herding","icon":"craftingplan_smith_smith_staffofcow_demonhunter_male","path":"item/plan-staff-of-herding-CraftingPlan_Smith_Smith_StaffofCow"},{"id":"CraftingPlan_Smith_T10_Armor_ChampionsBelt_06","slug":"plan-exalted-grand-heavy-baldric","name":"Plan: Exalted Grand Heavy Baldric","icon":"craftingplan_smith_t10_armor_championsbelt_06_demonhunter_male","path":"item/plan-exalted-grand-heavy-baldric-CraftingPlan_Smith_T10_Armor_ChampionsBelt_06"},{"id":"CraftingPlan_Smith_T10_Weapon_Sword_1H_04","slug":"plan-exalted-conquest-sword","name":"Plan: Exalted Conquest Sword","icon":"craftingplan_smith_t10_weapon_sword_1h_04_demonhunter_male","path":"item/plan-exalted-conquest-sword-CraftingPlan_Smith_T10_Weapon_Sword_1H_04"},{"id":"CraftingPlan_Smith_Smith_StaffofCow_Hell","slug":"plan-hellish-staff-of-herding","name":"Plan: Hellish Staff of Herding","icon":"craftingplan_smith_smith_staffofcow_hell_demonhunter_male","path":"item/plan-hellish-staff-of-herding-CraftingPlan_Smith_Smith_StaffofCow_Hell"},{"id":"CraftingPlan_Smith_T10_Weapon_CombatStaff_04","slug":"plan-exalted-zhezl","name":"Plan: Exalted Zhezl","icon":"craftingplan_smith_t10_weapon_combatstaff_04_demonhunter_male","path":"item/plan-exalted-zhezl-CraftingPlan_Smith_T10_Weapon_CombatStaff_04"},{"id":"CraftingPlan_Smith_T10_Weapon_Quiver_04","slug":"plan-exalted-runic-quiver","name":"Plan: Exalted Runic Quiver","icon":"craftingplan_smith_t10_weapon_quiver_04_demonhunter_male","path":"item/plan-exalted-runic-quiver-CraftingPlan_Smith_T10_Weapon_Quiver_04"},{"id":"CraftingPlan_Smith_T10_Weapon_CombatStaff_06","slug":"plan-exalted-grand-zhezl","name":"Plan: Exalted Grand Zhezl","icon":"craftingplan_smith_t10_weapon_combatstaff_06_demonhunter_male","path":"item/plan-exalted-grand-zhezl-CraftingPlan_Smith_T10_Weapon_CombatStaff_06"},{"id":"CraftingPlan_Smith_T10_Weapon_Crossbow_04","slug":"plan-exalted-doomcaster","name":"Plan: Exalted Doomcaster","icon":"craftingplan_smith_t10_weapon_crossbow_04_demonhunter_male","path":"item/plan-exalted-doomcaster-CraftingPlan_Smith_T10_Weapon_Crossbow_04"},{"id":"CraftingPlan_Smith_T10_Armor_Shoulders_06","slug":"plan-exalted-grand-pallium","name":"Plan: Exalted Grand Pallium","icon":"craftingplan_smith_t10_armor_shoulders_06_demonhunter_male","path":"item/plan-exalted-grand-pallium-CraftingPlan_Smith_T10_Armor_Shoulders_06"},{"id":"CraftingPlan_Smith_T10_Weapon_Sword_1H_06","slug":"plan-exalted-grand-conquest-sword","name":"Plan: Exalted Grand Conquest Sword","icon":"craftingplan_smith_t10_weapon_sword_1h_06_demonhunter_male","path":"item/plan-exalted-grand-conquest-sword-CraftingPlan_Smith_T10_Weapon_Sword_1H_06"},{"id":"CraftingPlan_Smith_T10_Weapon_Axe_1H_06","slug":"plan-exalted-grand-galraki","name":"Plan: Exalted Grand Galraki","icon":"craftingplan_smith_t10_weapon_axe_1h_06_demonhunter_male","path":"item/plan-exalted-grand-galraki-CraftingPlan_Smith_T10_Weapon_Axe_1H_06"},{"id":"CraftingPlan_Smith_T10_Weapon_Crossbow_05","slug":"plan-exalted-fine-doomcaster","name":"Plan: Exalted Fine Doomcaster","icon":"craftingplan_smith_t10_weapon_crossbow_05_demonhunter_male","path":"item/plan-exalted-fine-doomcaster-CraftingPlan_Smith_T10_Weapon_Crossbow_05"},{"id":"CraftingPlan_Smith_T10_Weapon_Staff_04","slug":"plan-exalted-mythical-staff","name":"Plan: Exalted Mythical Staff","icon":"craftingplan_smith_t10_weapon_staff_04_demonhunter_male","path":"item/plan-exalted-mythical-staff-CraftingPlan_Smith_T10_Weapon_Staff_04"},{"id":"CraftingPlan_Smith_T10_Armor_Boots_05","slug":"plan-exalted-fine-sovereign-greaves","name":"Plan: Exalted Fine Sovereign Greaves","icon":"craftingplan_smith_t10_armor_boots_05_demonhunter_male","path":"item/plan-exalted-fine-sovereign-greaves-CraftingPlan_Smith_T10_Armor_Boots_05"},{"id":"CraftingPlan_Smith_T10_Armor_WizardHat_06","slug":"plan-exalted-grand-archmage-headpiece","name":"Plan: Exalted Grand Archmage Headpiece","icon":"craftingplan_smith_t10_armor_wizardhat_06_demonhunter_male","path":"item/plan-exalted-grand-archmage-headpiece-CraftingPlan_Smith_T10_Armor_WizardHat_06"},{"id":"CraftingPlan_Smith_T10_Armor_Shoulders_04","slug":"plan-exalted-pallium","name":"Plan: Exalted Pallium","icon":"craftingplan_smith_t10_armor_shoulders_04_demonhunter_male","path":"item/plan-exalted-pallium-CraftingPlan_Smith_T10_Armor_Shoulders_04"},{"id":"CraftingPlan_Smith_T10_Armor_Helm_04","slug":"plan-exalted-sovereign-helm","name":"Plan: Exalted Sovereign Helm","icon":"craftingplan_smith_t10_armor_helm_04_demonhunter_male","path":"item/plan-exalted-sovereign-helm-CraftingPlan_Smith_T10_Armor_Helm_04"},{"id":"CraftingPlan_Smith_T10_Weapon_Mojo_06","slug":"plan-exalted-grand-unspeakable-thing","name":"Plan: Exalted Grand Unspeakable Thing","icon":"craftingplan_smith_t10_weapon_mojo_06_demonhunter_male","path":"item/plan-exalted-grand-unspeakable-thing-CraftingPlan_Smith_T10_Weapon_Mojo_06"},{"id":"CraftingPlan_Smith_T10_Armor_Chest_06","slug":"plan-exalted-grand-sovereign-mail","name":"Plan: Exalted Grand Sovereign Mail","icon":"craftingplan_smith_t10_armor_chest_06_demonhunter_male","path":"item/plan-exalted-grand-sovereign-mail-CraftingPlan_Smith_T10_Armor_Chest_06"},{"id":"CraftingPlan_Smith_T10_Weapon_Axe_2H_06","slug":"plan-exalted-grand-sagaris","name":"Plan: Exalted Grand Sagaris","icon":"craftingplan_smith_t10_weapon_axe_2h_06_demonhunter_male","path":"item/plan-exalted-grand-sagaris-CraftingPlan_Smith_T10_Weapon_Axe_2H_06"},{"id":"CraftingPlan_Smith_T10_Weapon_Bow_05","slug":"plan-exalted-fine-phantom-bow","name":"Plan: Exalted Fine Phantom Bow","icon":"craftingplan_smith_t10_weapon_bow_05_demonhunter_male","path":"item/plan-exalted-fine-phantom-bow-CraftingPlan_Smith_T10_Weapon_Bow_05"},{"id":"CraftingPlan_Smith_T10_Weapon_Mace_2H_04","slug":"plan-exalted-slag-hammer","name":"Plan: Exalted Slag Hammer","icon":"craftingplan_smith_t10_weapon_mace_2h_04_demonhunter_male","path":"item/plan-exalted-slag-hammer-CraftingPlan_Smith_T10_Weapon_Mace_2H_04"},{"id":"CraftingPlan_Smith_T10_Weapon_Wand_06","slug":"plan-exalted-grand-strike-wand","name":"Plan: Exalted Grand Strike Wand","icon":"craftingplan_smith_t10_weapon_wand_06_demonhunter_male","path":"item/plan-exalted-grand-strike-wand-CraftingPlan_Smith_T10_Weapon_Wand_06"},{"id":"CraftingPlan_Smith_T11_Armor_Chest_Dex","slug":"plan-archon-armor-of-dexterity","name":"Plan: Archon Armor of Dexterity","icon":"craftingplan_smith_t11_armor_chest_dex_demonhunter_male","path":"item/plan-archon-armor-of-dexterity-CraftingPlan_Smith_T11_Armor_Chest_Dex"},{"id":"CraftingPlan_Smith_T11_Armor_Bracers_Dex","slug":"plan-razorspikes-of-dexterity","name":"Plan: Razorspikes of Dexterity","icon":"craftingplan_smith_t11_armor_bracers_dex_demonhunter_male","path":"item/plan-razorspikes-of-dexterity-CraftingPlan_Smith_T11_Armor_Bracers_Dex"},{"id":"CraftingPlan_Smith_T10_Weapon_Mace_1H_06","slug":"plan-exalted-grand-crag-hammer","name":"Plan: Exalted Grand Crag Hammer","icon":"craftingplan_smith_t10_weapon_mace_1h_06_demonhunter_male","path":"item/plan-exalted-grand-crag-hammer-CraftingPlan_Smith_T10_Weapon_Mace_1H_06"},{"id":"CraftingPlan_Smith_T10_Weapon_Wand_04","slug":"plan-exalted-strike-wand","name":"Plan: Exalted Strike Wand","icon":"craftingplan_smith_t10_weapon_wand_04_demonhunter_male","path":"item/plan-exalted-strike-wand-CraftingPlan_Smith_T10_Weapon_Wand_04"},{"id":"CraftingPlan_Smith_T10_Weapon_Staff_06","slug":"plan-exalted-grand-mythical-staff","name":"Plan: Exalted Grand Mythical Staff","icon":"craftingplan_smith_t10_weapon_staff_06_demonhunter_male","path":"item/plan-exalted-grand-mythical-staff-CraftingPlan_Smith_T10_Weapon_Staff_06"},{"id":"CraftingPlan_Smith_T11_Armor_Shoulders_Str","slug":"plan-archon-spaulders-of-strength","name":"Plan: Archon Spaulders of Strength","icon":"craftingplan_smith_t11_armor_shoulders_str_demonhunter_male","path":"item/plan-archon-spaulders-of-strength-CraftingPlan_Smith_T11_Armor_Shoulders_Str"},{"id":"CraftingPlan_Smith_T11_Armor_Gloves_Dex","slug":"plan-archon-gauntlets-of-dexterity","name":"Plan: Archon Gauntlets of Dexterity","icon":"craftingplan_smith_t11_armor_gloves_dex_demonhunter_male","path":"item/plan-archon-gauntlets-of-dexterity-CraftingPlan_Smith_T11_Armor_Gloves_Dex"},{"id":"CraftingPlan_Smith_T11_Armor_Bracers_Int","slug":"plan-razorspikes-of-intelligence","name":"Plan: Razorspikes of Intelligence","icon":"craftingplan_smith_t11_armor_bracers_int_demonhunter_male","path":"item/plan-razorspikes-of-intelligence-CraftingPlan_Smith_T11_Armor_Bracers_Int"},{"id":"CraftingPlan_Smith_T10_Weapon_Fist_05","slug":"plan-exalted-fine-golden-talon","name":"Plan: Exalted Fine Golden Talon","icon":"craftingplan_smith_t10_weapon_fist_05_demonhunter_male","path":"item/plan-exalted-fine-golden-talon-CraftingPlan_Smith_T10_Weapon_Fist_05"},{"id":"CraftingPlan_Smith_T10_Weapon_Mace_1H_04","slug":"plan-exalted-crag-hammer","name":"Plan: Exalted Crag Hammer","icon":"craftingplan_smith_t10_weapon_mace_1h_04_demonhunter_male","path":"item/plan-exalted-crag-hammer-CraftingPlan_Smith_T10_Weapon_Mace_1H_04"},{"id":"CraftingPlan_Smith_T10_Weapon_MightyWeapon_1H_05","slug":"plan-exalted-fine-massacre-axe","name":"Plan: Exalted Fine Massacre Axe","icon":"craftingplan_smith_t10_weapon_mightyweapon_1h_05_demonhunter_male","path":"item/plan-exalted-fine-massacre-axe-CraftingPlan_Smith_T10_Weapon_MightyWeapon_1H_05"},{"id":"CraftingPlan_Smith_T10_Weapon_Crossbow_06","slug":"plan-exalted-grand-doomcaster","name":"Plan: Exalted Grand Doomcaster","icon":"craftingplan_smith_t10_weapon_crossbow_06_demonhunter_male","path":"item/plan-exalted-grand-doomcaster-CraftingPlan_Smith_T10_Weapon_Crossbow_06"},{"id":"CraftingPlan_Smith_T10_Weapon_MightyWeapon_2H_06","slug":"plan-exalted-grand-behemoth","name":"Plan: Exalted Grand Behemoth","icon":"craftingplan_smith_t10_weapon_mightyweapon_2h_06_demonhunter_male","path":"item/plan-exalted-grand-behemoth-CraftingPlan_Smith_T10_Weapon_MightyWeapon_2H_06"},{"id":"CraftingPlan_Smith_T10_Armor_Gloves_06","slug":"plan-exalted-grand-sovereign-vambraces","name":"Plan: Exalted Grand Sovereign Vambraces","icon":"craftingplan_smith_t10_armor_gloves_06_demonhunter_male","path":"item/plan-exalted-grand-sovereign-vambraces-CraftingPlan_Smith_T10_Armor_Gloves_06"},{"id":"CraftingPlan_Smith_T10_Weapon_MightyWeapon_1H_06","slug":"plan-exalted-grand-massacre-axe","name":"Plan: Exalted Grand Massacre Axe","icon":"craftingplan_smith_t10_weapon_mightyweapon_1h_06_demonhunter_male","path":"item/plan-exalted-grand-massacre-axe-CraftingPlan_Smith_T10_Weapon_MightyWeapon_1H_06"},{"id":"CraftingPlan_Smith_T10_Weapon_Mojo_04","slug":"plan-exalted-unspeakable-thing","name":"Plan: Exalted Unspeakable Thing","icon":"craftingplan_smith_t10_weapon_mojo_04_demonhunter_male","path":"item/plan-exalted-unspeakable-thing-CraftingPlan_Smith_T10_Weapon_Mojo_04"},{"id":"CraftingPlan_Smith_T10_Weapon_Sword_2H_05","slug":"plan-exalted-fine-oni-blade","name":"Plan: Exalted Fine Oni Blade","icon":"craftingplan_smith_t10_weapon_sword_2h_05_demonhunter_male","path":"item/plan-exalted-fine-oni-blade-CraftingPlan_Smith_T10_Weapon_Sword_2H_05"},{"id":"CraftingPlan_Smith_T10_Armor_Pants_06","slug":"plan-exalted-grand-sovereign-tassets","name":"Plan: Exalted Grand Sovereign Tassets","icon":"craftingplan_smith_t10_armor_pants_06_demonhunter_male","path":"item/plan-exalted-grand-sovereign-tassets-CraftingPlan_Smith_T10_Armor_Pants_06"},{"id":"CraftingPlan_Smith_T10_Weapon_Orb_05","slug":"plan-exalted-fine-orbit-stones","name":"Plan: Exalted Fine Orbit Stones","icon":"craftingplan_smith_t10_weapon_orb_05_demonhunter_male","path":"item/plan-exalted-fine-orbit-stones-CraftingPlan_Smith_T10_Weapon_Orb_05"},{"id":"CraftingPlan_Smith_T10_Weapon_Axe_1H_05","slug":"plan-exalted-fine-galraki","name":"Plan: Exalted Fine Galraki","icon":"craftingplan_smith_t10_weapon_axe_1h_05_demonhunter_male","path":"item/plan-exalted-fine-galraki-CraftingPlan_Smith_T10_Weapon_Axe_1H_05"},{"id":"CraftingPlan_Smith_T11_Armor_Chest_Str","slug":"plan-archon-armor-of-strength","name":"Plan: Archon Armor of Strength","icon":"craftingplan_smith_t11_armor_chest_str_demonhunter_male","path":"item/plan-archon-armor-of-strength-CraftingPlan_Smith_T11_Armor_Chest_Str"},{"id":"CraftingPlan_Smith_T10_Weapon_HandCrossbow_06","slug":"plan-exalted-grand-impellor","name":"Plan: Exalted Grand Impellor","icon":"craftingplan_smith_t10_weapon_handcrossbow_06_demonhunter_male","path":"item/plan-exalted-grand-impellor-CraftingPlan_Smith_T10_Weapon_HandCrossbow_06"},{"id":"CraftingPlan_Smith_T10_Weapon_Orb_06","slug":"plan-exalted-grand-orbit-stones","name":"Plan: Exalted Grand Orbit Stones","icon":"craftingplan_smith_t10_weapon_orb_06_demonhunter_male","path":"item/plan-exalted-grand-orbit-stones-CraftingPlan_Smith_T10_Weapon_Orb_06"},{"id":"CraftingPlan_Smith_T11_Armor_Bracers_Vit","slug":"plan-razorspikes-of-vitality","name":"Plan: Razorspikes of Vitality","icon":"craftingplan_smith_t11_armor_bracers_vit_demonhunter_male","path":"item/plan-razorspikes-of-vitality-CraftingPlan_Smith_T11_Armor_Bracers_Vit"},{"id":"CraftingPlan_Smith_Smith_StaffofCow_alt","slug":"plan-staff-of-herding","name":"Plan: Staff of Herding","icon":"craftingplan_smith_smith_staffofcow_alt_demonhunter_male","path":"item/plan-staff-of-herding-CraftingPlan_Smith_Smith_StaffofCow_alt"},{"id":"CraftingPlan_Smith_T10_Weapon_Quiver_06","slug":"plan-exalted-grand-runic-quiver","name":"Plan: Exalted Grand Runic Quiver","icon":"craftingplan_smith_t10_weapon_quiver_06_demonhunter_male","path":"item/plan-exalted-grand-runic-quiver-CraftingPlan_Smith_T10_Weapon_Quiver_06"},{"id":"CraftingPlan_Smith_T10_Armor_Shield_05","slug":"plan-exalted-fine-dread-shield","name":"Plan: Exalted Fine Dread Shield","icon":"craftingplan_smith_t10_armor_shield_05_demonhunter_male","path":"item/plan-exalted-fine-dread-shield-CraftingPlan_Smith_T10_Armor_Shield_05"},{"id":"CraftingPlan_Smith_T10_Weapon_Sword_2H_04","slug":"plan-exalted-oni-blade","name":"Plan: Exalted Oni Blade","icon":"craftingplan_smith_t10_weapon_sword_2h_04_demonhunter_male","path":"item/plan-exalted-oni-blade-CraftingPlan_Smith_T10_Weapon_Sword_2H_04"},{"id":"CraftingPlan_Smith_T10_Weapon_Axe_1H_04","slug":"plan-exalted-galraki","name":"Plan: Exalted Galraki","icon":"craftingplan_smith_t10_weapon_axe_1h_04_demonhunter_male","path":"item/plan-exalted-galraki-CraftingPlan_Smith_T10_Weapon_Axe_1H_04"},{"id":"CraftingPlan_Smith_T10_Weapon_Bow_04","slug":"plan-exalted-phantom-bow","name":"Plan: Exalted Phantom Bow","icon":"craftingplan_smith_t10_weapon_bow_04_demonhunter_male","path":"item/plan-exalted-phantom-bow-CraftingPlan_Smith_T10_Weapon_Bow_04"},{"id":"CraftingPlan_Smith_T10_Weapon_HandCrossbow_05","slug":"plan-exalted-fine-impellor","name":"Plan: Exalted Fine Impellor","icon":"craftingplan_smith_t10_weapon_handcrossbow_05_demonhunter_male","path":"item/plan-exalted-fine-impellor-CraftingPlan_Smith_T10_Weapon_HandCrossbow_05"},{"id":"CraftingPlan_Smith_T10_Weapon_Fist_06","slug":"plan-exalted-grand-golden-talon","name":"Plan: Exalted Grand Golden Talon","icon":"craftingplan_smith_t10_weapon_fist_06_demonhunter_male","path":"item/plan-exalted-grand-golden-talon-CraftingPlan_Smith_T10_Weapon_Fist_06"},{"id":"CraftingPlan_Smith_T10_Weapon_Dagger_04","slug":"plan-exalted-piercer","name":"Plan: Exalted Piercer","icon":"craftingplan_smith_t10_weapon_dagger_04_demonhunter_male","path":"item/plan-exalted-piercer-CraftingPlan_Smith_T10_Weapon_Dagger_04"},{"id":"CraftingPlan_Smith_T11_Armor_Shoulders_Dex","slug":"plan-archon-spaulders-of-dexterity","name":"Plan: Archon Spaulders of Dexterity","icon":"craftingplan_smith_t11_armor_shoulders_dex_demonhunter_male","path":"item/plan-archon-spaulders-of-dexterity-CraftingPlan_Smith_T11_Armor_Shoulders_Dex"},{"id":"CraftingPlan_Smith_Smith_StaffofCow_Inferno","slug":"plan-infernal-staff-of-herding","name":"Plan: Infernal Staff of Herding","icon":"craftingplan_smith_smith_staffofcow_inferno_demonhunter_male","path":"item/plan-infernal-staff-of-herding-CraftingPlan_Smith_Smith_StaffofCow_Inferno"},{"id":"CraftingPlan_Smith_Smith_StaffofCow_Nightmare","slug":"plan-nightmarish-staff-of-herding","name":"Plan: Nightmarish Staff of Herding","icon":"craftingplan_smith_smith_staffofcow_nightmare_demonhunter_male","path":"item/plan-nightmarish-staff-of-herding-CraftingPlan_Smith_Smith_StaffofCow_Nightmare"},{"id":"CraftingPlan_Smith_T10_Weapon_CombatStaff_05","slug":"plan-exalted-fine-zhezl","name":"Plan: Exalted Fine Zhezl","icon":"craftingplan_smith_t10_weapon_combatstaff_05_demonhunter_male","path":"item/plan-exalted-fine-zhezl-CraftingPlan_Smith_T10_Weapon_CombatStaff_05"},{"id":"CraftingPlan_Smith_T10_Armor_Chest_04","slug":"plan-exalted-sovereign-mail","name":"Plan: Exalted Sovereign Mail","icon":"craftingplan_smith_t10_armor_chest_04_demonhunter_male","path":"item/plan-exalted-sovereign-mail-CraftingPlan_Smith_T10_Armor_Chest_04"},{"id":"CraftingPlan_Smith_T10_Weapon_Mace_2H_05","slug":"plan-exalted-fine-slag-hammer","name":"Plan: Exalted Fine Slag Hammer","icon":"craftingplan_smith_t10_weapon_mace_2h_05_demonhunter_male","path":"item/plan-exalted-fine-slag-hammer-CraftingPlan_Smith_T10_Weapon_Mace_2H_05"},{"id":"CraftingPlan_Smith_T11_Armor_Chest_Int","slug":"plan-archon-armor-of-intelligence","name":"Plan: Archon Armor of Intelligence","icon":"craftingplan_smith_t11_armor_chest_int_demonhunter_male","path":"item/plan-archon-armor-of-intelligence-CraftingPlan_Smith_T11_Armor_Chest_Int"},{"id":"CraftingPlan_Smith_T11_Armor_Shoulders_Vit","slug":"plan-archon-spaulders-of-vitality","name":"Plan: Archon Spaulders of Vitality","icon":"craftingplan_smith_t11_armor_shoulders_vit_demonhunter_male","path":"item/plan-archon-spaulders-of-vitality-CraftingPlan_Smith_T11_Armor_Shoulders_Vit"},{"id":"CraftingPlan_Smith_T11_Armor_Chest_Vit","slug":"plan-archon-armor-of-vitality","name":"Plan: Archon Armor of Vitality","icon":"craftingplan_smith_t11_armor_chest_vit_demonhunter_male","path":"item/plan-archon-armor-of-vitality-CraftingPlan_Smith_T11_Armor_Chest_Vit"},{"id":"CraftingPlan_Smith_T10_Weapon_CeremonialKnife_04","slug":"plan-exalted-flesh-ripper","name":"Plan: Exalted Flesh Ripper","icon":"craftingplan_smith_t10_weapon_ceremonialknife_04_demonhunter_male","path":"item/plan-exalted-flesh-ripper-CraftingPlan_Smith_T10_Weapon_CeremonialKnife_04"},{"id":"CraftingPlan_Smith_T10_Weapon_Orb_04","slug":"plan-exalted-orbit-stones","name":"Plan: Exalted Orbit Stones","icon":"craftingplan_smith_t10_weapon_orb_04_demonhunter_male","path":"item/plan-exalted-orbit-stones-CraftingPlan_Smith_T10_Weapon_Orb_04"},{"id":"CraftingPlan_Smith_T10_Armor_Gloves_05","slug":"plan-exalted-fine-sovereign-vambraces","name":"Plan: Exalted Fine Sovereign Vambraces","icon":"craftingplan_smith_t10_armor_gloves_05_demonhunter_male","path":"item/plan-exalted-fine-sovereign-vambraces-CraftingPlan_Smith_T10_Armor_Gloves_05"},{"id":"CraftingPlan_Smith_T10_Weapon_Axe_2H_04","slug":"plan-exalted-sagaris","name":"Plan: Exalted Sagaris","icon":"craftingplan_smith_t10_weapon_axe_2h_04_demonhunter_male","path":"item/plan-exalted-sagaris-CraftingPlan_Smith_T10_Weapon_Axe_2H_04"},{"id":"CraftingPlan_Smith_T10_Weapon_Fist_04","slug":"plan-exalted-golden-talon","name":"Plan: Exalted Golden Talon","icon":"craftingplan_smith_t10_weapon_fist_04_demonhunter_male","path":"item/plan-exalted-golden-talon-CraftingPlan_Smith_T10_Weapon_Fist_04"},{"id":"CraftingPlan_Smith_T11_Armor_Gloves_Str","slug":"plan-archon-gauntlets-of-strength","name":"Plan: Archon Gauntlets of Strength","icon":"craftingplan_smith_t11_armor_gloves_str_demonhunter_male","path":"item/plan-archon-gauntlets-of-strength-CraftingPlan_Smith_T11_Armor_Gloves_Str"},{"id":"CraftingPlan_Smith_T10_Weapon_Bow_06","slug":"plan-exalted-grand-phantom-bow","name":"Plan: Exalted Grand Phantom Bow","icon":"craftingplan_smith_t10_weapon_bow_06_demonhunter_male","path":"item/plan-exalted-grand-phantom-bow-CraftingPlan_Smith_T10_Weapon_Bow_06"},{"id":"CraftingPlan_Smith_T10_Armor_VoodooMask_06","slug":"plan-exalted-grand-manitou-mask","name":"Plan: Exalted Grand Manitou Mask","icon":"craftingplan_smith_t10_armor_voodoomask_06_demonhunter_male","path":"item/plan-exalted-grand-manitou-mask-CraftingPlan_Smith_T10_Armor_VoodooMask_06"},{"id":"CraftingPlan_Smith_T10_Armor_Belt_06","slug":"plan-exalted-grand-heaven-strand","name":"Plan: Exalted Grand Heaven Strand","icon":"craftingplan_smith_t10_armor_belt_06_demonhunter_male","path":"item/plan-exalted-grand-heaven-strand-CraftingPlan_Smith_T10_Armor_Belt_06"},{"id":"CraftingPlan_Smith_T11_Armor_Gloves_Int","slug":"plan-archon-gauntlets-of-intelligence","name":"Plan: Archon Gauntlets of Intelligence","icon":"craftingplan_smith_t11_armor_gloves_int_demonhunter_male","path":"item/plan-archon-gauntlets-of-intelligence-CraftingPlan_Smith_T11_Armor_Gloves_Int"},{"id":"CraftingPlan_Smith_T10_Weapon_Dagger_05","slug":"plan-exalted-fine-piercer","name":"Plan: Exalted Fine Piercer","icon":"craftingplan_smith_t10_weapon_dagger_05_demonhunter_male","path":"item/plan-exalted-fine-piercer-CraftingPlan_Smith_T10_Weapon_Dagger_05"},{"id":"CraftingPlan_Smith_T10_Weapon_Axe_2H_05","slug":"plan-exalted-fine-sagaris","name":"Plan: Exalted Fine Sagaris","icon":"craftingplan_smith_t10_weapon_axe_2h_05_demonhunter_male","path":"item/plan-exalted-fine-sagaris-CraftingPlan_Smith_T10_Weapon_Axe_2H_05"},{"id":"CraftingPlan_Smith_T10_Armor_Bracers_05","slug":"plan-exalted-fine-armplates","name":"Plan: Exalted Fine Armplates","icon":"craftingplan_smith_t10_armor_bracers_05_demonhunter_male","path":"item/plan-exalted-fine-armplates-CraftingPlan_Smith_T10_Armor_Bracers_05"},{"id":"CraftingPlan_Smith_T10_Weapon_HandCrossbow_04","slug":"plan-exalted-impellor","name":"Plan: Exalted Impellor","icon":"craftingplan_smith_t10_weapon_handcrossbow_04_demonhunter_male","path":"item/plan-exalted-impellor-CraftingPlan_Smith_T10_Weapon_HandCrossbow_04"},{"id":"CraftingPlan_Smith_Smith_WirtsLeg","slug":"plan-wirts-leg","name":"Plan: Wirt's Leg","icon":"craftingplan_smith_smith_wirtsleg_demonhunter_male","path":"item/plan-wirts-leg-CraftingPlan_Smith_Smith_WirtsLeg"},{"id":"CraftingPlan_Smith_T10_Weapon_Sword_1H_05","slug":"plan-exalted-fine-conquest-sword","name":"Plan: Exalted Fine Conquest Sword","icon":"craftingplan_smith_t10_weapon_sword_1h_05_demonhunter_male","path":"item/plan-exalted-fine-conquest-sword-CraftingPlan_Smith_T10_Weapon_Sword_1H_05"},{"id":"CraftingPlan_Smith_T10_Weapon_CeremonialKnife_06","slug":"plan-exalted-grand-flesh-ripper","name":"Plan: Exalted Grand Flesh Ripper","icon":"craftingplan_smith_t10_weapon_ceremonialknife_06_demonhunter_male","path":"item/plan-exalted-grand-flesh-ripper-CraftingPlan_Smith_T10_Weapon_CeremonialKnife_06"}]