[{"id":"CraftingPlan_Smith_T07_Legendary_Weapon_Fist","slug":"plan-demon-hand","name":"Plan: Demon Hand","icon":"craftingplan_smith_t07_legendary_weapon_fist_demonhunter_male","path":"item/plan-demon-hand-CraftingPlan_Smith_T07_Legendary_Weapon_Fist"},{"id":"CraftingPlan_Smith_T10_Legendary_Weapon_Axe_2H","slug":"plan-fire-brand","name":"Plan: Fire Brand","icon":"craftingplan_smith_t10_legendary_weapon_axe_2h_demonhunter_male","path":"item/plan-fire-brand-CraftingPlan_Smith_T10_Legendary_Weapon_Axe_2H"},{"id":"CraftingPlan_Smith_12_Legendary_Set_Demon_X1","slug":"plan-demons-hide","name":"Plan: Demon's Hide","icon":"craftingplan_smith_12_legendary_set_demon_x1_demonhunter_male","path":"item/plan-demons-hide-CraftingPlan_Smith_12_Legendary_Set_Demon_X1"},{"id":"CraftingPlan_Smith_12_Legendary_Unique_XBow_004_x1","slug":"plan-arcane-barb","name":"Plan: Arcane Barb","icon":"craftingplan_smith_12_legendary_unique_xbow_004_x1_demonhunter_male","path":"item/plan-arcane-barb-CraftingPlan_Smith_12_Legendary_Unique_XBow_004_x1"},{"id":"CraftingPlan_Smith_12_Legendary_Set_InfernalMachine_X1","slug":"plans-the-infernal-machine","name":"Plans: The Infernal Machine","icon":"craftingplan_smith_12_legendary_set_infernalmachine_x1_demonhunter_male","path":"item/plans-the-infernal-machine-CraftingPlan_Smith_12_Legendary_Set_InfernalMachine_X1"},{"id":"CraftingPlan_Smith_T04_Legendary_Weapon_MightyWeapon2H","slug":"plan-unending-war","name":"Plan: Unending War","icon":"craftingplan_smith_t04_legendary_weapon_mightyweapon2h_demonhunter_male","path":"item/plan-unending-war-CraftingPlan_Smith_T04_Legendary_Weapon_MightyWeapon2H"},{"id":"CraftingPlan_Smith_12_Legendary_Unique_Pants_005_x1","slug":"plan-skelons-deceit","name":"Plan: Skelon's Deceit","icon":"craftingplan_smith_12_legendary_unique_pants_005_x1_demonhunter_male","path":"item/plan-skelons-deceit-CraftingPlan_Smith_12_Legendary_Unique_Pants_005_x1"},{"id":"CraftingPlan_Smith_T10_Legendary_Weapon_CombatStaff","slug":"plan-rozpedins-staff","name":"Plan: Rozpedin's Staff","icon":"craftingplan_smith_t10_legendary_weapon_combatstaff_demonhunter_male","path":"item/plan-rozpedins-staff-CraftingPlan_Smith_T10_Legendary_Weapon_CombatStaff"},{"id":"CraftingPlan_Smith_T07_Legendary_Set_Hell_001","slug":"plan-ashearas-uniform","name":"Plan: Asheara's Uniform","icon":"craftingplan_smith_t07_legendary_set_hell_001_demonhunter_male","path":"item/plan-ashearas-uniform-CraftingPlan_Smith_T07_Legendary_Set_Hell_001"},{"id":"CraftingPlan_Smith_12_Legendary_Unique_HandXBow_006_x1","slug":"plan-blitzbolter","name":"Plan: Blitzbolter","icon":"craftingplan_smith_12_legendary_unique_handxbow_006_x1_demonhunter_male","path":"item/plan-blitzbolter-CraftingPlan_Smith_12_Legendary_Unique_HandXBow_006_x1"},{"id":"CraftingPlan_Smith_12_Legendary_Unique_Fist_004_x1","slug":"plan-demon-claw","name":"Plan: Demon Claw","icon":"craftingplan_smith_12_legendary_unique_fist_004_x1_demonhunter_male","path":"item/plan-demon-claw-CraftingPlan_Smith_12_Legendary_Unique_Fist_004_x1"},{"id":"CraftingPlan_Smith_12_Legendary_Unique_Mighty_2H_012_x1","slug":"plan-war-of-the-dead","name":"Plan: War of the Dead","icon":"craftingplan_smith_12_legendary_unique_mighty_2h_012_x1_demonhunter_male","path":"item/plan-war-of-the-dead-CraftingPlan_Smith_12_Legendary_Unique_Mighty_2H_012_x1"},{"id":"CraftingPlan_Smith_T08_Legendary_Set_Hell_002","slug":"plan-guardians-contingency","name":"Plan: Guardian's Contingency","icon":"craftingplan_smith_t08_legendary_set_hell_002_demonhunter_male","path":"item/plan-guardians-contingency-CraftingPlan_Smith_T08_Legendary_Set_Hell_002"},{"id":"CraftingPlan_Smith_12_Legendary_Set_Asheara_X1","slug":"plan-ashearas-vestments","name":"Plan: Asheara's Vestments","icon":"craftingplan_smith_12_legendary_set_asheara_x1_demonhunter_male","path":"item/plan-ashearas-vestments-CraftingPlan_Smith_12_Legendary_Set_Asheara_X1"},{"id":"CraftingPlan_Smith_12_Legendary_Unique_Bracer_001_x1","slug":"plan-kethryes-splint","name":"Plan: Kethryes' Splint","icon":"craftingplan_smith_12_legendary_unique_bracer_001_x1_demonhunter_male","path":"item/plan-kethryes-splint-CraftingPlan_Smith_12_Legendary_Unique_Bracer_001_x1"},{"id":"CraftingPlan_Smith_12_Legendary_Unique_Wand_009_x1","slug":"plan-atrophy","name":"Plan: Atrophy","icon":"craftingplan_smith_12_legendary_unique_wand_009_x1_demonhunter_male","path":"item/plan-atrophy-CraftingPlan_Smith_12_Legendary_Unique_Wand_009_x1"},{"id":"CraftingPlan_Smith_12_Legendary_Unique_CruShield_101_x1","slug":"plan-piro-marella","name":"Plan: Piro Marella","icon":"craftingplan_smith_12_legendary_unique_crushield_101_x1_demonhunter_male","path":"item/plan-piro-marella-CraftingPlan_Smith_12_Legendary_Unique_CruShield_101_x1"},{"id":"CraftingPlan_Smith_T04_Legendary_Armor_Shield","slug":"plan-wall-of-bone","name":"Plan: Wall of Bone","icon":"craftingplan_smith_t04_legendary_armor_shield_demonhunter_male","path":"item/plan-wall-of-bone-CraftingPlan_Smith_T04_Legendary_Armor_Shield"},{"id":"CraftingPlan_Smith_T08_Legendary_Weapon_Crossbow","slug":"plan-starspine","name":"Plan: Starspine","icon":"craftingplan_smith_t08_legendary_weapon_crossbow_demonhunter_male","path":"item/plan-starspine-CraftingPlan_Smith_T08_Legendary_Weapon_Crossbow"},{"id":"CraftingPlan_Smith_T04_Legendary_Set_Normal_001","slug":"plan-borns-defiance","name":"Plan: Born's Defiance","icon":"craftingplan_smith_t04_legendary_set_normal_001_demonhunter_male","path":"item/plan-borns-defiance-CraftingPlan_Smith_T04_Legendary_Set_Normal_001"},{"id":"CraftingPlan_Smith_12_Legendary_Unique_Gloves_001_x1","slug":"plan-penders-purchase","name":"Plan: Penders Purchase","icon":"craftingplan_smith_12_legendary_unique_gloves_001_x1_demonhunter_male","path":"item/plan-penders-purchase-CraftingPlan_Smith_12_Legendary_Unique_Gloves_001_x1"},{"id":"CraftingPlan_Smith_T08_Legendary_Armor_Boots","slug":"plan-lost-boys","name":"Plan: Lost Boys","icon":"craftingplan_smith_t08_legendary_armor_boots_demonhunter_male","path":"item/plan-lost-boys-CraftingPlan_Smith_T08_Legendary_Armor_Boots"},{"id":"CraftingPlan_Smith_12_Legendary_Unique_Mace_1H_009_x1","slug":"plan-devastator","name":"Plan: Devastator","icon":"craftingplan_smith_12_legendary_unique_mace_1h_009_x1_demonhunter_male","path":"item/plan-devastator-CraftingPlan_Smith_12_Legendary_Unique_Mace_1H_009_x1"},{"id":"CraftingPlan_Smith_T10_Legendary_Weapon_Dagger","slug":"plan-bloodmagic-blade","name":"Plan: Blood-Magic Blade","icon":"craftingplan_smith_t10_legendary_weapon_dagger_demonhunter_male","path":"item/plan-bloodmagic-blade-CraftingPlan_Smith_T10_Legendary_Weapon_Dagger"},{"id":"CraftingPlan_Smith_12_Legendary_Unique_Sword_1H_019_x1","slug":"plan-griswolds-perfection","name":"Plan: Griswold's Perfection","icon":"craftingplan_smith_12_legendary_unique_sword_1h_019_x1_demonhunter_male","path":"item/plan-griswolds-perfection-CraftingPlan_Smith_12_Legendary_Unique_Sword_1H_019_x1"},{"id":"CraftingPlan_Smith_12_Legendary_Unique_Mace_2H_006_x1","slug":"plan-sunder","name":"Plan: Sunder","icon":"craftingplan_smith_12_legendary_unique_mace_2h_006_x1_demonhunter_male","path":"item/plan-sunder-CraftingPlan_Smith_12_Legendary_Unique_Mace_2H_006_x1"},{"id":"CraftingPlan_Smith_12_Legendary_Unique_Bracer_103_x1","slug":"plan-reapers-wraps","name":"Plan: Reaper's Wraps","icon":"craftingplan_smith_12_legendary_unique_bracer_103_x1_demonhunter_male","path":"item/plan-reapers-wraps-CraftingPlan_Smith_12_Legendary_Unique_Bracer_103_x1"},{"id":"CraftingPlan_Smith_T10_Legendary_Set_Inferno_002","slug":"plan-sages-plight","name":"Plan: Sage's Plight","icon":"craftingplan_smith_t10_legendary_set_inferno_002_demonhunter_male","path":"item/plan-sages-plight-CraftingPlan_Smith_T10_Legendary_Set_Inferno_002"},{"id":"CraftingPlan_Smith_T04_Legendary_Weapon_CeremonialDagger","slug":"plan-umbral-oath","name":"Plan: Umbral Oath","icon":"craftingplan_smith_t04_legendary_weapon_ceremonialdagger_demonhunter_male","path":"item/plan-umbral-oath-CraftingPlan_Smith_T04_Legendary_Weapon_CeremonialDagger"},{"id":"CraftingPlan_Smith_T07_Legendary_Weapon_MightyWeapon_1H","slug":"plan-harvest-moon","name":"Plan: Harvest Moon","icon":"craftingplan_smith_t07_legendary_weapon_mightyweapon_1h_demonhunter_male","path":"item/plan-harvest-moon-CraftingPlan_Smith_T07_Legendary_Weapon_MightyWeapon_1H"},{"id":"CraftingPlan_Smith_12_Legendary_Set_Sage_X1","slug":"plan-sages-journey","name":"Plan: Sage's Journey","icon":"craftingplan_smith_12_legendary_set_sage_x1_demonhunter_male","path":"item/plan-sages-journey-CraftingPlan_Smith_12_Legendary_Set_Sage_X1"},{"id":"CraftingPlan_Smith_12_Legendary_Unique_Orb_004_x1","slug":"plan-cosmic-strand","name":"Plan: Cosmic Strand","icon":"craftingplan_smith_12_legendary_unique_orb_004_x1_demonhunter_male","path":"item/plan-cosmic-strand-CraftingPlan_Smith_12_Legendary_Unique_Orb_004_x1"},{"id":"CraftingPlan_Smith_12_Legendary_Unique_CombatStaff_2H_004_x1","slug":"plan-rozpedins-force","name":"Plan: Rozpedin's Force","icon":"craftingplan_smith_12_legendary_unique_combatstaff_2h_004_x1_demonhunter_male","path":"item/plan-rozpedins-force-CraftingPlan_Smith_12_Legendary_Unique_CombatStaff_2H_004_x1"},{"id":"CraftingPlan_Smith_T10_Legendary_Armor_Helm","slug":"plan-the-helm-of-command","name":"Plan: The Helm of Command","icon":"craftingplan_smith_t10_legendary_armor_helm_demonhunter_male","path":"item/plan-the-helm-of-command-CraftingPlan_Smith_T10_Legendary_Armor_Helm"},{"id":"CraftingPlan_Smith_T04_Legendary_Set_Normal_002","slug":"plan-cains-fate","name":"Plan: Cain's Fate","icon":"craftingplan_smith_t04_legendary_set_normal_002_demonhunter_male","path":"item/plan-cains-fate-CraftingPlan_Smith_T04_Legendary_Set_Normal_002"},{"id":"CraftingPlan_Smith_12_Legendary_Unique_Bow_010_x1","slug":"plan-sydyru-crust","name":"Plan: Sydyru Crust","icon":"craftingplan_smith_12_legendary_unique_bow_010_x1_demonhunter_male","path":"item/plan-sydyru-crust-CraftingPlan_Smith_12_Legendary_Unique_Bow_010_x1"},{"id":"CraftingPlan_Smith_T10_Legendary_Weapon_Mace_1H","slug":"plan-earthshatter","name":"Plan: Earthshatter","icon":"craftingplan_smith_t10_legendary_weapon_mace_1h_demonhunter_male","path":"item/plan-earthshatter-CraftingPlan_Smith_T10_Legendary_Weapon_Mace_1H"},{"id":"CraftingPlan_Smith_12_Legendary_Unique_Bow_007_x1","slug":"plan-unbound-bolt","name":"Plan: Unbound Bolt","icon":"craftingplan_smith_12_legendary_unique_bow_007_x1_demonhunter_male","path":"item/plan-unbound-bolt-CraftingPlan_Smith_12_Legendary_Unique_Bow_007_x1"},{"id":"CraftingPlan_Smith_12_Legendary_Set_Cains_X1","slug":"plan-cains-destiny","name":"Plan: Cain's Destiny","icon":"craftingplan_smith_12_legendary_set_cains_x1_demonhunter_male","path":"item/plan-cains-destiny-CraftingPlan_Smith_12_Legendary_Set_Cains_X1"},{"id":"CraftingPlan_Smith_T10_Legendary_Set_Inferno_003","slug":"plan-hallowed-defenders","name":"Plan: Hallowed Defenders","icon":"craftingplan_smith_t10_legendary_set_inferno_003_demonhunter_male","path":"item/plan-hallowed-defenders-CraftingPlan_Smith_T10_Legendary_Set_Inferno_003"},{"id":"CraftingPlan_Smith_T06_Legendary_Armor_Gloves","slug":"plan-pendergrasps","name":"Plan: Pendergrasps","icon":"craftingplan_smith_t06_legendary_armor_gloves_demonhunter_male","path":"item/plan-pendergrasps-CraftingPlan_Smith_T06_Legendary_Armor_Gloves"},{"id":"CraftingPlan_Smith_T10_Legendary_Armor_Shoulders","slug":"plan-seven-sins","name":"Plan: Seven Sins","icon":"craftingplan_smith_t10_legendary_armor_shoulders_demonhunter_male","path":"item/plan-seven-sins-CraftingPlan_Smith_T10_Legendary_Armor_Shoulders"},{"id":"CraftingPlan_Smith_T10_Legendary_Armor_Chest","slug":"plan-robes-of-the-rydraelm","name":"Plan: Robes of the Rydraelm","icon":"craftingplan_smith_t10_legendary_armor_chest_demonhunter_male","path":"item/plan-robes-of-the-rydraelm-CraftingPlan_Smith_T10_Legendary_Armor_Chest"},{"id":"CraftingPlan_Smith_12_Legendary_Unique_Staff_002_x1","slug":"plan-mark-of-the-magi","name":"Plan: Mark of The Magi","icon":"craftingplan_smith_12_legendary_unique_staff_002_x1_demonhunter_male","path":"item/plan-mark-of-the-magi-CraftingPlan_Smith_12_Legendary_Unique_Staff_002_x1"},{"id":"CraftingPlan_Smith_12_Legendary_Unique_Axe_1H_004_x1","slug":"plan-utars-roar","name":"Plan: Utar's Roar","icon":"craftingplan_smith_12_legendary_unique_axe_1h_004_x1_demonhunter_male","path":"item/plan-utars-roar-CraftingPlan_Smith_12_Legendary_Unique_Axe_1H_004_x1"},{"id":"CraftingPlan_Smith_12_Legendary_Unique_Shoulder_007_x1","slug":"plan-corruption","name":"Plan: Corruption","icon":"craftingplan_smith_12_legendary_unique_shoulder_007_x1_demonhunter_male","path":"item/plan-corruption-CraftingPlan_Smith_12_Legendary_Unique_Shoulder_007_x1"},{"id":"CraftingPlan_Smith_T07_Legendary_Weapon_Mace_2H","slug":"plan-cataclysm","name":"Plan: Cataclysm","icon":"craftingplan_smith_t07_legendary_weapon_mace_2h_demonhunter_male","path":"item/plan-cataclysm-CraftingPlan_Smith_T07_Legendary_Weapon_Mace_2H"},{"id":"CraftingPlan_Smith_12_Legendary_Unique_Flail_1H_101_x1","slug":"plan-golden-scourge","name":"Plan: Golden Scourge","icon":"craftingplan_smith_12_legendary_unique_flail_1h_101_x1_demonhunter_male","path":"item/plan-golden-scourge-CraftingPlan_Smith_12_Legendary_Unique_Flail_1H_101_x1"},{"id":"CraftingPlan_Smith_T04_Legendary_Armor_Belt","slug":"plan-quick-draw-belt","name":"Plan: Quick Draw Belt","icon":"craftingplan_smith_t04_legendary_armor_belt_demonhunter_male","path":"item/plan-quick-draw-belt-CraftingPlan_Smith_T04_Legendary_Armor_Belt"},{"id":"CraftingPlan_Smith_12_Legendary_Set_Aughild_X1","slug":"plan-aughilds-authority","name":"Plan: Aughild's Authority","icon":"craftingplan_smith_12_legendary_set_aughild_x1_demonhunter_male","path":"item/plan-aughilds-authority-CraftingPlan_Smith_12_Legendary_Set_Aughild_X1"},{"id":"CraftingPlan_Smith_T05_Legendary_Weapon_Staff","slug":"plan-the-magi","name":"Plan: The Magi","icon":"craftingplan_smith_t05_legendary_weapon_staff_demonhunter_male","path":"item/plan-the-magi-CraftingPlan_Smith_T05_Legendary_Weapon_Staff"},{"id":"CraftingPlan_Smith_T10_Legendary_Set_Inferno_001","slug":"plan-demons-skin","name":"Plan: Demon's Skin","icon":"craftingplan_smith_t10_legendary_set_inferno_001_demonhunter_male","path":"item/plan-demons-skin-CraftingPlan_Smith_T10_Legendary_Set_Inferno_001"},{"id":"CraftingPlan_Smith_12_Legendary_Unique_Quiver_003_x1","slug":"plan-archfiend-arrows","name":"Plan: Archfiend Arrows","icon":"craftingplan_smith_12_legendary_unique_quiver_003_x1_demonhunter_male","path":"item/plan-archfiend-arrows-CraftingPlan_Smith_12_Legendary_Unique_Quiver_003_x1"},{"id":"CraftingPlan_Smith_T10_Legendary_Armor_Bracers","slug":"plan-wondrous-deflectors","name":"Plan: Wondrous Deflectors","icon":"craftingplan_smith_t10_legendary_armor_bracers_demonhunter_male","path":"item/plan-wondrous-deflectors-CraftingPlan_Smith_T10_Legendary_Armor_Bracers"},{"id":"CraftingPlan_Smith_12_Legendary_Set_CaptainCrimsons_X1","slug":"plan-captain-crimsons-trimmings","name":"Plan: Captain Crimson's Trimmings","icon":"craftingplan_smith_12_legendary_set_captaincrimsons_x1_demonhunter_male","path":"item/plan-captain-crimsons-trimmings-CraftingPlan_Smith_12_Legendary_Set_CaptainCrimsons_X1"},{"id":"CraftingPlan_Smith_12_Legendary_Unique_Helm_011_x1","slug":"plan-the-helm-of-rule","name":"Plan: The Helm of Rule","icon":"craftingplan_smith_12_legendary_unique_helm_011_x1_demonhunter_male","path":"item/plan-the-helm-of-rule-CraftingPlan_Smith_12_Legendary_Unique_Helm_011_x1"},{"id":"CraftingPlan_Smith_12_Legendary_Set_Borns_X1","slug":"plan-borns-command","name":"Plan: Born's Command","icon":"craftingplan_smith_12_legendary_set_borns_x1_demonhunter_male","path":"item/plan-borns-command-CraftingPlan_Smith_12_Legendary_Set_Borns_X1"},{"id":"CraftingPlan_Smith_T10_Legendary_Weapon_Sword_1H","slug":"plan-griswolds-masterpiece","name":"Plan: Griswold's Masterpiece","icon":"craftingplan_smith_t10_legendary_weapon_sword_1h_demonhunter_male","path":"item/plan-griswolds-masterpiece-CraftingPlan_Smith_T10_Legendary_Weapon_Sword_1H"},{"id":"CraftingPlan_Smith_T10_Legendary_Weapon_Wand","slug":"plan-ruinstoke","name":"Plan: Ruinstoke","icon":"craftingplan_smith_t10_legendary_weapon_wand_demonhunter_male","path":"item/plan-ruinstoke-CraftingPlan_Smith_T10_Legendary_Weapon_Wand"},{"id":"CraftingPlan_Smith_T04_Legendary_Weapon_CombatStaff","slug":"plan-lai-yuis-taiji","name":"Plan: Lai Yui's Taiji","icon":"craftingplan_smith_t04_legendary_weapon_combatstaff_demonhunter_male","path":"item/plan-lai-yuis-taiji-CraftingPlan_Smith_T04_Legendary_Weapon_CombatStaff"},{"id":"CraftingPlan_Smith_T05_Legendary_Weapon_Axe_1H","slug":"plan-the-wedge","name":"Plan: The Wedge","icon":"craftingplan_smith_t05_legendary_weapon_axe_1h_demonhunter_male","path":"item/plan-the-wedge-CraftingPlan_Smith_T05_Legendary_Weapon_Axe_1H"},{"id":"CraftingPlan_Smith_T06_Legendary_Weapon_HandCrossbow","slug":"plan-deadeye","name":"Plan: Deadeye","icon":"craftingplan_smith_t06_legendary_weapon_handcrossbow_demonhunter_male","path":"item/plan-deadeye-CraftingPlan_Smith_T06_Legendary_Weapon_HandCrossbow"},{"id":"CraftingPlan_Smith_12_Legendary_Unique_Mighty_1H_001_x1","slug":"plan-nights-reaping","name":"Plan: Night's Reaping","icon":"craftingplan_smith_12_legendary_unique_mighty_1h_001_x1_demonhunter_male","path":"item/plan-nights-reaping-CraftingPlan_Smith_12_Legendary_Unique_Mighty_1H_001_x1"},{"id":"CraftingPlan_Smith_T06_Legendary_Set_Nightmare_002","slug":"plan-aughilds-victory","name":"Plan: Aughild's Victory","icon":"craftingplan_smith_t06_legendary_set_nightmare_002_demonhunter_male","path":"item/plan-aughilds-victory-CraftingPlan_Smith_T06_Legendary_Set_Nightmare_002"},{"id":"CraftingPlan_Smith_T10_Legendary_Weapon_Bow","slug":"plan-venomhusk","name":"Plan: Venomhusk","icon":"craftingplan_smith_t10_legendary_weapon_bow_demonhunter_male","path":"item/plan-venomhusk-CraftingPlan_Smith_T10_Legendary_Weapon_Bow"},{"id":"CraftingPlan_Smith_12_Legendary_Unique_Mojo_002_x1","slug":"plan-spite","name":"Plan: Spite","icon":"craftingplan_smith_12_legendary_unique_mojo_002_x1_demonhunter_male","path":"item/plan-spite-CraftingPlan_Smith_12_Legendary_Unique_Mojo_002_x1"},{"id":"CraftingPlan_Smith_T10_Legendary_Weapon_Quiver","slug":"plan-black-bone-arrows","name":"Plan: Black Bone Arrows","icon":"craftingplan_smith_t10_legendary_weapon_quiver_demonhunter_male","path":"item/plan-black-bone-arrows-CraftingPlan_Smith_T10_Legendary_Weapon_Quiver"},{"id":"CraftingPlan_Smith_T10_Legendary_Armor_Pants","slug":"plan-gehennas","name":"Plan: Gehennas","icon":"craftingplan_smith_t10_legendary_armor_pants_demonhunter_male","path":"item/plan-gehennas-CraftingPlan_Smith_T10_Legendary_Armor_Pants"},{"id":"CraftingPlan_Smith_T05_Legendary_Weapon_Mojo","slug":"plan-bitterness","name":"Plan: Bitterness","icon":"craftingplan_smith_t05_legendary_weapon_mojo_demonhunter_male","path":"item/plan-bitterness-CraftingPlan_Smith_T05_Legendary_Weapon_Mojo"},{"id":"CraftingPlan_Smith_T04_Legendary_Weapon_Bow","slug":"plan-longshot","name":"Plan: Longshot","icon":"craftingplan_smith_t04_legendary_weapon_bow_demonhunter_male","path":"item/plan-longshot-CraftingPlan_Smith_T04_Legendary_Weapon_Bow"},{"id":"CraftingPlan_Smith_12_Legendary_Unique_CombatStaff_2H_008_x1","slug":"plan-lai-yuis-persuader","name":"Plan: Lai Yui's Persuader","icon":"craftingplan_smith_12_legendary_unique_combatstaff_2h_008_x1_demonhunter_male","path":"item/plan-lai-yuis-persuader-CraftingPlan_Smith_12_Legendary_Unique_CombatStaff_2H_008_x1"},{"id":"CraftingPlan_Smith_12_Legendary_Unique_Axe_2H_010_x1","slug":"plan-cinder-switch","name":"Plan: Cinder Switch","icon":"craftingplan_smith_12_legendary_unique_axe_2h_010_x1_demonhunter_male","path":"item/plan-cinder-switch-CraftingPlan_Smith_12_Legendary_Unique_Axe_2H_010_x1"},{"id":"CraftingPlan_Smith_T07_Legendary_Weapon_Orb","slug":"plan-singularity","name":"Plan: Singularity","icon":"craftingplan_smith_t07_legendary_weapon_orb_demonhunter_male","path":"item/plan-singularity-CraftingPlan_Smith_T07_Legendary_Weapon_Orb"},{"id":"CraftingPlan_Smith_12_Legendary_Unique_Belt_004_x1","slug":"plan-fleeting-strap","name":"Plan: Fleeting Strap","icon":"craftingplan_smith_12_legendary_unique_belt_004_x1_demonhunter_male","path":"item/plan-fleeting-strap-CraftingPlan_Smith_12_Legendary_Unique_Belt_004_x1"},{"id":"CraftingPlan_Smith_12_Legendary_Unique_Boots_005_x1","slug":"plan-board-walkers","name":"Plan: Board Walkers","icon":"craftingplan_smith_12_legendary_unique_boots_005_x1_demonhunter_male","path":"item/plan-board-walkers-CraftingPlan_Smith_12_Legendary_Unique_Boots_005_x1"},{"id":"CraftingPlan_Smith_T05_Legendary_Set_Nightmare_001","slug":"plan-captain-crimsons-finery","name":"Plan: Captain Crimson's Finery","icon":"craftingplan_smith_t05_legendary_set_nightmare_001_demonhunter_male","path":"item/plan-captain-crimsons-finery-CraftingPlan_Smith_T05_Legendary_Set_Nightmare_001"},{"id":"CraftingPlan_Smith_12_Legendary_Unique_Dagger_006_x1","slug":"plan-bloodmagic-edge","name":"Plan: Blood-Magic Edge","icon":"craftingplan_smith_12_legendary_unique_dagger_006_x1_demonhunter_male","path":"item/plan-bloodmagic-edge-CraftingPlan_Smith_12_Legendary_Unique_Dagger_006_x1"},{"id":"CraftingPlan_Smith_12_Legendary_Unique_Shield_011_x1","slug":"plan-wall-of-man","name":"Plan: Wall of Man","icon":"craftingplan_smith_12_legendary_unique_shield_011_x1_demonhunter_male","path":"item/plan-wall-of-man-CraftingPlan_Smith_12_Legendary_Unique_Shield_011_x1"},{"id":"CraftingPlan_Smith_12_Legendary_Set_Hallowed_X1","slug":"plan-hallowed-protectors","name":"Plan: Hallowed Protectors","icon":"craftingplan_smith_12_legendary_set_hallowed_x1_demonhunter_male","path":"item/plan-hallowed-protectors-CraftingPlan_Smith_12_Legendary_Set_Hallowed_X1"},{"id":"CraftingPlan_Smith_12_Legendary_Unique_CeremonialDagger_006_x1","slug":"plan-living-umbral-oath","name":"Plan: Living Umbral Oath","icon":"craftingplan_smith_12_legendary_unique_ceremonialdagger_006_x1_demonhunter_male","path":"item/plan-living-umbral-oath-CraftingPlan_Smith_12_Legendary_Unique_CeremonialDagger_006_x1"},{"id":"CraftingPlan_Smith_12_Legendary_Set_Guardian_X1","slug":"plan-guardians-jeopardy","name":"Plan: Guardian's Jeopardy","icon":"craftingplan_smith_12_legendary_set_guardian_x1_demonhunter_male","path":"item/plan-guardians-jeopardy-CraftingPlan_Smith_12_Legendary_Set_Guardian_X1"},{"id":"CraftingPlan_Smith_12_Legendary_Unique_Chest_019_x1","slug":"plan-mantle-of-the-rydraelm","name":"Plan: Mantle of the Rydraelm","icon":"craftingplan_smith_12_legendary_unique_chest_019_x1_demonhunter_male","path":"item/plan-mantle-of-the-rydraelm-CraftingPlan_Smith_12_Legendary_Unique_Chest_019_x1"}]