[{"id":"Crossbow_204","slug":"nayin","name":"Nayin","icon":"crossbow_204_demonhunter_male","path":"item/nayin-Crossbow_204"},{"id":"Crossbow_005","slug":"lian-nu","name":"Lian Nu","icon":"crossbow_005_demonhunter_male","path":"item/lian-nu-Crossbow_005"},{"id":"Crossbow_301","slug":"rampart-bow","name":"Rampart Bow","icon":"crossbow_301_demonhunter_male","path":"item/rampart-bow-Crossbow_301"},{"id":"Crossbow_006","slug":"war-crossbow","name":"War Crossbow","icon":"crossbow_006_demonhunter_male","path":"item/war-crossbow-Crossbow_006"},{"id":"Crossbow_002","slug":"crossbow","name":"Crossbow","icon":"crossbow_002_demonhunter_male","path":"item/crossbow-Crossbow_002"},{"id":"Unique_XBow_011_x1","slug":"burizado-kyanon","name":"Buriza-Do Kyanon","icon":"unique_xbow_011_x1_demonhunter_male","path":"item/burizado-kyanon-Unique_XBow_011_x1"},{"id":"Crossbow_201","slug":"windlass","name":"Windlass","icon":"crossbow_201_demonhunter_male","path":"item/windlass-Crossbow_201"},{"id":"TransmogXbow_241_001","slug":"crossbow-of-corvus","name":"Crossbow of Corvus","icon":"transmogxbow_241_001_demonhunter_male","path":"item/crossbow-of-corvus-TransmogXbow_241_001"},{"id":"Crossbow_101","slug":"siege-crossbow","name":"Siege Crossbow","icon":"crossbow_101_demonhunter_male","path":"item/siege-crossbow-Crossbow_101"},{"id":"Crossbow_202","slug":"cranequin","name":"Cranequin","icon":"crossbow_202_demonhunter_male","path":"item/cranequin-Crossbow_202"},{"id":"Crossbow_203","slug":"dread-crossbow","name":"Dread Crossbow","icon":"crossbow_203_demonhunter_male","path":"item/dread-crossbow-Crossbow_203"},{"id":"Crossbow_107","slug":"scorpion","name":"Scorpion","icon":"crossbow_107_demonhunter_male","path":"item/scorpion-Crossbow_107"},{"id":"Unique_XBow_006_x1","slug":"bakkan-caster","name":"Bakkan Caster","icon":"unique_xbow_006_x1_demonhunter_male","path":"item/bakkan-caster-Unique_XBow_006_x1"},{"id":"Crossbow_105","slug":"chokonu","name":"Chokonu","icon":"crossbow_105_demonhunter_male","path":"item/chokonu-Crossbow_105"},{"id":"Unique_Xbow_101_x1","slug":"chanon-bolter","name":"Chanon Bolter","icon":"unique_xbow_101_x1_demonhunter_male","path":"item/chanon-bolter-Unique_Xbow_101_x1"},{"id":"Crossbow_205","slug":"stonebow","name":"Stonebow","icon":"crossbow_205_demonhunter_male","path":"item/stonebow-Crossbow_205"},{"id":"Crossbow_207","slug":"hellion-crossbow","name":"Hellion Crossbow","icon":"crossbow_207_demonhunter_male","path":"item/hellion-crossbow-Crossbow_207"},{"id":"Unique_XBow_004_1xx","slug":"starspine","name":"Starspine","icon":"unique_xbow_004_1xx_demonhunter_male","path":"item/starspine-Unique_XBow_004_1xx"},{"id":"Crossbow_104","slug":"slingbow","name":"Slingbow","icon":"crossbow_104_demonhunter_male","path":"item/slingbow-Crossbow_104"},{"id":"Crossbow_103","slug":"heavy-siege-crossbow","name":"Heavy Siege Crossbow","icon":"crossbow_103_demonhunter_male","path":"item/heavy-siege-crossbow-Crossbow_103"},{"id":"Crossbow_302","slug":"oxybeles","name":"Oxybeles","icon":"crossbow_302_demonhunter_male","path":"item/oxybeles-Crossbow_302"},{"id":"Crossbow_007","slug":"porcupine","name":"Porcupine","icon":"crossbow_007_demonhunter_male","path":"item/porcupine-Crossbow_007"},{"id":"Crossbow_003","slug":"heavy-crossbow","name":"Heavy Crossbow","icon":"crossbow_003_demonhunter_male","path":"item/heavy-crossbow-Crossbow_003"},{"id":"Crossbow_102","slug":"quarrelbow","name":"Quarrelbow","icon":"crossbow_102_demonhunter_male","path":"item/quarrelbow-Crossbow_102"},{"id":"P61_Unique_XBow_001","slug":"manticore","name":"Manticore","icon":"p61_unique_xbow_001_demonhunter_male","path":"item/manticore-P61_Unique_XBow_001"},{"id":"Unique_XBow_001_x1","slug":"demon-machine","name":"Demon Machine","icon":"unique_xbow_001_x1_demonhunter_male","path":"item/demon-machine-Unique_XBow_001_x1"},{"id":"Unique_XBow_002_x1","slug":"hellrack","name":"Hellrack","icon":"unique_xbow_002_x1_demonhunter_male","path":"item/hellrack-Unique_XBow_002_x1"},{"id":"Unique_XBow_012_x1","slug":"pus-spitter","name":"Pus Spitter","icon":"unique_xbow_012_x1_demonhunter_male","path":"item/pus-spitter-Unique_XBow_012_x1"},{"id":"Unique_XBow_004_x1","slug":"arcane-barb","name":"Arcane Barb","icon":"unique_xbow_004_x1_demonhunter_male","path":"item/arcane-barb-Unique_XBow_004_x1"},{"id":"Crossbow_106","slug":"war-caster","name":"War Caster","icon":"crossbow_106_demonhunter_male","path":"item/war-caster-Crossbow_106"},{"id":"Crossbow_001","slug":"light-crossbow","name":"Light Crossbow","icon":"crossbow_001_demonhunter_male","path":"item/light-crossbow-Crossbow_001"},{"id":"Crossbow_004","slug":"arbalest","name":"Arbalest","icon":"crossbow_004_demonhunter_male","path":"item/arbalest-Crossbow_004"},{"id":"Crossbow_206","slug":"doomcaster","name":"Doomcaster","icon":"crossbow_206_demonhunter_male","path":"item/doomcaster-Crossbow_206"}]