[{"id":"Dagger_204","slug":"skain","name":"Skain","icon":"dagger_204_demonhunter_male","path":"item/skain-Dagger_204"},{"id":"Dagger_201","slug":"kukri","name":"Kukri","icon":"dagger_201_demonhunter_male","path":"item/kukri-Dagger_201"},{"id":"Dagger_202","slug":"pavade","name":"Pavade","icon":"dagger_202_demonhunter_male","path":"item/pavade-Dagger_202"},{"id":"Dagger_105","slug":"scramasax","name":"Scramasax","icon":"dagger_105_demonhunter_male","path":"item/scramasax-Dagger_105"},{"id":"Dagger_104","slug":"rondel","name":"Rondel","icon":"dagger_104_demonhunter_male","path":"item/rondel-Dagger_104"},{"id":"Unique_Dagger_008","slug":"the-clipper","name":"The Clipper","icon":"unique_dagger_008_demonhunter_male","path":"item/the-clipper-Unique_Dagger_008"},{"id":"Unique_Dagger_010_x1_210","slug":"wizardspike","name":"Wizardspike","icon":"unique_dagger_010_x1_210_demonhunter_male","path":"item/wizardspike-Unique_Dagger_010_x1_210"},{"id":"Dagger_206","slug":"piercer","name":"Piercer","icon":"dagger_206_demonhunter_male","path":"item/piercer-Dagger_206"},{"id":"P61_Unique_Dagger_101_x1","slug":"karleis-point","name":"Karlei's Point","icon":"p61_unique_dagger_101_x1_demonhunter_male","path":"item/karleis-point-P61_Unique_Dagger_101_x1"},{"id":"Dagger_203","slug":"cinquedea","name":"Cinquedea","icon":"dagger_203_demonhunter_male","path":"item/cinquedea-Dagger_203"},{"id":"Unique_Dagger_007_x1","slug":"pig-sticker","name":"Pig Sticker","icon":"unique_dagger_007_x1_demonhunter_male","path":"item/pig-sticker-Unique_Dagger_007_x1"},{"id":"Unique_Dagger_008_104","slug":"the-clipper","name":"The Clipper","icon":"unique_dagger_008_104_demonhunter_male","path":"item/the-clipper-Unique_Dagger_008_104"},{"id":"Dagger_302","slug":"punyal","name":"Punyal","icon":"dagger_302_demonhunter_male","path":"item/punyal-Dagger_302"},{"id":"Unique_Dagger_008_x1","slug":"the-clipper","name":"The Clipper","icon":"unique_dagger_008_x1_demonhunter_male","path":"item/the-clipper-Unique_Dagger_008_x1"},{"id":"Dagger_101","slug":"jagged-dagger","name":"Jagged Dagger","icon":"dagger_101_demonhunter_male","path":"item/jagged-dagger-Dagger_101"},{"id":"Dagger_207","slug":"darkblade","name":"Darkblade","icon":"dagger_207_demonhunter_male","path":"item/darkblade-Dagger_207"},{"id":"Unique_Dagger_104_x1","slug":"eunjangdo","name":"Eun-jang-do","icon":"unique_dagger_104_x1_demonhunter_male","path":"item/eunjangdo-Unique_Dagger_104_x1"},{"id":"Unique_Dagger_103_x1","slug":"envious-blade","name":"Envious Blade","icon":"unique_dagger_103_x1_demonhunter_male","path":"item/envious-blade-Unique_Dagger_103_x1"},{"id":"Dagger_003","slug":"short-dagger","name":"Short Dagger","icon":"dagger_003_demonhunter_male","path":"item/short-dagger-Dagger_003"},{"id":"P61_Unique_Dagger_102_x1","slug":"lord-greenstones-fan","name":"Lord Greenstone's Fan","icon":"p61_unique_dagger_102_x1_demonhunter_male","path":"item/lord-greenstones-fan-P61_Unique_Dagger_102_x1"},{"id":"Unique_Dagger_006_1xx","slug":"bloodmagic-blade","name":"Blood-Magic Blade","icon":"unique_dagger_006_1xx_demonhunter_male","path":"item/bloodmagic-blade-Unique_Dagger_006_1xx"},{"id":"Dagger_004","slug":"dagger","name":"Dagger","icon":"dagger_004_demonhunter_male","path":"item/dagger-Dagger_004"},{"id":"Dagger_002","slug":"shiv","name":"Shiv","icon":"dagger_002_demonhunter_male","path":"item/shiv-Dagger_002"},{"id":"Dagger_102","slug":"kindjal","name":"Kindjal","icon":"dagger_102_demonhunter_male","path":"item/kindjal-Dagger_102"},{"id":"Dagger_005","slug":"poignard","name":"Poignard","icon":"dagger_005_demonhunter_male","path":"item/poignard-Dagger_005"},{"id":"Dagger_106","slug":"main-gauche","name":"Main Gauche","icon":"dagger_106_demonhunter_male","path":"item/main-gauche-Dagger_106"},{"id":"Dagger_007","slug":"skiver","name":"Skiver","icon":"dagger_007_demonhunter_male","path":"item/skiver-Dagger_007"},{"id":"Dagger_107","slug":"spine","name":"Spine","icon":"dagger_107_demonhunter_male","path":"item/spine-Dagger_107"},{"id":"Dagger_301","slug":"kingsport-blade","name":"Kingsport Blade","icon":"dagger_301_demonhunter_male","path":"item/kingsport-blade-Dagger_301"},{"id":"Dagger_103","slug":"pugio","name":"Pugio","icon":"dagger_103_demonhunter_male","path":"item/pugio-Dagger_103"},{"id":"Dagger_205","slug":"basilard","name":"Basilard","icon":"dagger_205_demonhunter_male","path":"item/basilard-Dagger_205"},{"id":"Unique_Dagger_008_1xx","slug":"the-clipper","name":"The Clipper","icon":"unique_dagger_008_1xx_demonhunter_male","path":"item/the-clipper-Unique_Dagger_008_1xx"},{"id":"Unique_Dagger_006_x1","slug":"bloodmagic-edge","name":"Blood-Magic Edge","icon":"unique_dagger_006_x1_demonhunter_male","path":"item/bloodmagic-edge-Unique_Dagger_006_x1"},{"id":"Dagger_006","slug":"stiletto","name":"Stiletto","icon":"dagger_006_demonhunter_male","path":"item/stiletto-Dagger_006"},{"id":"Dagger_001","slug":"simple-dagger","name":"Simple Dagger","icon":"dagger_001_demonhunter_male","path":"item/simple-dagger-Dagger_001"}]