[{"id":"FistWeapon_1H_206","slug":"heaven-hand","name":"Heaven Hand","icon":"fistweapon_1h_206_demonhunter_male","path":"item/heaven-hand-FistWeapon_1H_206"},{"id":"P61_Unique_Fist_009_x1","slug":"the-fist-of-azturrasq","name":"The Fist of Az'Turrasq","icon":"p61_unique_fist_009_x1_demonhunter_male","path":"item/the-fist-of-azturrasq-P61_Unique_Fist_009_x1"},{"id":"FistWeapon_1H_004a","slug":"piercer","name":"Piercer","icon":"fistweapon_1h_004a_demonhunter_male","path":"item/piercer-FistWeapon_1H_004a"},{"id":"TransmogFist_241_002","slug":"panthers-claw","name":"Panther's Claw","icon":"transmogfist_241_002_demonhunter_male","path":"item/panthers-claw-TransmogFist_241_002"},{"id":"FistWeapon_1H_002","slug":"spikes","name":"Spikes","icon":"fistweapon_1h_002_demonhunter_male","path":"item/spikes-FistWeapon_1H_002"},{"id":"FistWeapon_1H_205","slug":"golden-talon","name":"Golden Talon","icon":"fistweapon_1h_205_demonhunter_male","path":"item/golden-talon-FistWeapon_1H_205"},{"id":"FistWeapon_1H_004","slug":"shuko","name":"Shuko","icon":"fistweapon_1h_004_demonhunter_male","path":"item/shuko-FistWeapon_1H_004"},{"id":"P61_Unique_Fist_013_x1","slug":"scarbringer","name":"Scarbringer","icon":"p61_unique_fist_013_x1_demonhunter_male","path":"item/scarbringer-P61_Unique_Fist_013_x1"},{"id":"Unique_Fist_004_1xx","slug":"demon-hand","name":"Demon Hand","icon":"unique_fist_004_1xx_demonhunter_male","path":"item/demon-hand-Unique_Fist_004_1xx"},{"id":"Unique_Fist_101_x1","slug":"jawbreaker","name":"Jawbreaker","icon":"unique_fist_101_x1_demonhunter_male","path":"item/jawbreaker-Unique_Fist_101_x1"},{"id":"Unique_Fist_012_x1","slug":"sledge-fist","name":"Sledge Fist","icon":"unique_fist_012_x1_demonhunter_male","path":"item/sledge-fist-Unique_Fist_012_x1"},{"id":"FistWeapon_1H_302","slug":"suwaiya","name":"Suwaiya","icon":"fistweapon_1h_302_demonhunter_male","path":"item/suwaiya-FistWeapon_1H_302"},{"id":"FistWeapon_1H_101","slug":"breaker","name":"Breaker","icon":"fistweapon_1h_101_demonhunter_male","path":"item/breaker-FistWeapon_1H_101"},{"id":"Unique_Fist_004_x1","slug":"demon-claw","name":"Demon Claw","icon":"unique_fist_004_x1_demonhunter_male","path":"item/demon-claw-Unique_Fist_004_x1"},{"id":"FistWeapon_1H_000","slug":"worn-knuckles","name":"Worn Knuckles","icon":"fistweapon_1h_000_demonhunter_male","path":"item/worn-knuckles-FistWeapon_1H_000"},{"id":"Unique_Fist_015_x1","slug":"hallowed-hold","name":"Hallowed Hold","icon":"unique_fist_015_x1_demonhunter_male","path":"item/hallowed-hold-Unique_Fist_015_x1"},{"id":"Unique_Fist_011_x1","slug":"shenlongs-fist-of-legend","name":"Shenlong's Fist of Legend","icon":"unique_fist_011_x1_demonhunter_male","path":"item/shenlongs-fist-of-legend-Unique_Fist_011_x1"},{"id":"Unique_Fist_006_x1","slug":"won-khim-lau","name":"Won Khim Lau","icon":"unique_fist_006_x1_demonhunter_male","path":"item/won-khim-lau-Unique_Fist_006_x1"},{"id":"FistWeapon_1H_001","slug":"knuckles","name":"Knuckles","icon":"fistweapon_1h_001_demonhunter_male","path":"item/knuckles-FistWeapon_1H_001"},{"id":"FistWeapon_1H_202","slug":"hammer-hand","name":"Hammer Hand","icon":"fistweapon_1h_202_demonhunter_male","path":"item/hammer-hand-FistWeapon_1H_202"},{"id":"P41_Unique_Fist_007","slug":"fleshrake","name":"Fleshrake","icon":"p41_unique_fist_007_demonhunter_male","path":"item/fleshrake-P41_Unique_Fist_007"},{"id":"P1_fistWeapon_norm_unique_01","slug":"lions-claw","name":"Lion's Claw","icon":"p1_fistweapon_norm_unique_01_demonhunter_male","path":"item/lions-claw-P1_fistWeapon_norm_unique_01"},{"id":"TransmogFist_241_001","slug":"hand-of-despair","name":"Hand of Despair","icon":"transmogfist_241_001_demonhunter_male","path":"item/hand-of-despair-TransmogFist_241_001"},{"id":"FistWeapon_1H_103","slug":"claw","name":"Claw","icon":"fistweapon_1h_103_demonhunter_male","path":"item/claw-FistWeapon_1H_103"},{"id":"P43_Unique_Fist_003_x1","slug":"rabid-strike","name":"Rabid Strike","icon":"p43_unique_fist_003_x1_demonhunter_male","path":"item/rabid-strike-P43_Unique_Fist_003_x1"},{"id":"FistWeapon_1H_204","slug":"pulverizer","name":"Pulverizer","icon":"fistweapon_1h_204_demonhunter_male","path":"item/pulverizer-FistWeapon_1H_204"},{"id":"FistWeapon_1H_003","slug":"talon","name":"Talon","icon":"fistweapon_1h_003_demonhunter_male","path":"item/talon-FistWeapon_1H_003"},{"id":"FistWeapon_1H_102","slug":"iron-fist","name":"Iron Fist","icon":"fistweapon_1h_102_demonhunter_male","path":"item/iron-fist-FistWeapon_1H_102"},{"id":"Unique_Fist_005_x1","slug":"logans-claw","name":"Logan's Claw","icon":"unique_fist_005_x1_demonhunter_male","path":"item/logans-claw-Unique_Fist_005_x1"},{"id":"FistWeapon_1H_203","slug":"demon-fang","name":"Demon Fang","icon":"fistweapon_1h_203_demonhunter_male","path":"item/demon-fang-FistWeapon_1H_203"},{"id":"FistWeapon_1H_301","slug":"spiked-fist","name":"Spiked Fist","icon":"fistweapon_1h_301_demonhunter_male","path":"item/spiked-fist-FistWeapon_1H_301"},{"id":"FistWeapon_1H_104","slug":"kastet","name":"Kastet","icon":"fistweapon_1h_104_demonhunter_male","path":"item/kastet-FistWeapon_1H_104"},{"id":"P4_fistWeapon_norm_unique_02","slug":"vengeful-wind","name":"Vengeful Wind","icon":"p4_fistweapon_norm_unique_02_demonhunter_male","path":"item/vengeful-wind-P4_fistWeapon_norm_unique_02"},{"id":"P4_Unique_Fist_102","slug":"kyoshiros-blade","name":"Kyoshiro's Blade","icon":"p4_unique_fist_102_demonhunter_male","path":"item/kyoshiros-blade-P4_Unique_Fist_102"},{"id":"FistWeapon_1H_201","slug":"grappler","name":"Grappler","icon":"fistweapon_1h_201_demonhunter_male","path":"item/grappler-FistWeapon_1H_201"},{"id":"P41_Unique_Fist_008","slug":"crystal-fist","name":"Crystal Fist","icon":"p41_unique_fist_008_demonhunter_male","path":"item/crystal-fist-P41_Unique_Fist_008"},{"id":"Unique_Fist_015_1xx","slug":"hallowed-hand","name":"Hallowed Hand","icon":"unique_fist_015_1xx_demonhunter_male","path":"item/hallowed-hand-Unique_Fist_015_1xx"},{"id":"Unique_Fist_010_x1","slug":"shenlongs-relentless-assault","name":"Shenlong's Relentless Assault","icon":"unique_fist_010_x1_demonhunter_male","path":"item/shenlongs-relentless-assault-Unique_Fist_010_x1"}]