[{"id":"Flail_1H_003","slug":"barbed-flail","name":"Barbed Flail","icon":"flail_1h_003_demonhunter_male","path":"item/barbed-flail-Flail_1H_003"},{"id":"Flail_1H_004","slug":"thresher","name":"Thresher","icon":"flail_1h_004_demonhunter_male","path":"item/thresher-Flail_1H_004"},{"id":"Flail_1H_002","slug":"iron-whip","name":"Iron Whip","icon":"flail_1h_002_demonhunter_male","path":"item/iron-whip-Flail_1H_002"},{"id":"Flail_1H_203","slug":"wicked-flail","name":"Wicked Flail","icon":"flail_1h_203_demonhunter_male","path":"item/wicked-flail-Flail_1H_203"},{"id":"P61_Unique_Flail_1H_105_x1","slug":"gyrfalcons-foote","name":"Gyrfalcon's Foote","icon":"p61_unique_flail_1h_105_x1_demonhunter_male","path":"item/gyrfalcons-foote-P61_Unique_Flail_1H_105_x1"},{"id":"TransmogFlail_241_001","slug":"the-quehegans-will","name":"The Que-Hegan's Will","icon":"transmogflail_241_001_demonhunter_male","path":"item/the-quehegans-will-TransmogFlail_241_001"},{"id":"Flail_1H_205","slug":"grandfather-flail","name":"Grandfather Flail","icon":"flail_1h_205_demonhunter_male","path":"item/grandfather-flail-Flail_1H_205"},{"id":"Unique_Flail_1H_102_x1","slug":"justinians-mercy","name":"Justinian's Mercy","icon":"unique_flail_1h_102_x1_demonhunter_male","path":"item/justinians-mercy-Unique_Flail_1H_102_x1"},{"id":"Flail_1H_104","slug":"imposing-flail","name":"Imposing Flail","icon":"flail_1h_104_demonhunter_male","path":"item/imposing-flail-Flail_1H_104"},{"id":"Flail_1H_102","slug":"chain-mace","name":"Chain Mace","icon":"flail_1h_102_demonhunter_male","path":"item/chain-mace-Flail_1H_102"},{"id":"Flail_1H_001","slug":"spiked-flail","name":"Spiked Flail","icon":"flail_1h_001_demonhunter_male","path":"item/spiked-flail-Flail_1H_001"},{"id":"Unique_Flail_1H_103_x1","slug":"swiftmount","name":"Swiftmount","icon":"unique_flail_1h_103_x1_demonhunter_male","path":"item/swiftmount-Unique_Flail_1H_103_x1"},{"id":"Flail_1H_202","slug":"knout","name":"Knout","icon":"flail_1h_202_demonhunter_male","path":"item/knout-Flail_1H_202"},{"id":"TransmogFlail_241_002","slug":"flail-of-carnage","name":"Flail of Carnage","icon":"transmogflail_241_002_demonhunter_male","path":"item/flail-of-carnage-TransmogFlail_241_002"},{"id":"P1_flail1H_norm_unique_01","slug":"johannas-argument","name":"Johanna's Argument","icon":"p1_flail1h_norm_unique_01_demonhunter_male","path":"item/johannas-argument-P1_flail1H_norm_unique_01"},{"id":"Flail_1H_204","slug":"giants-flail","name":"Giant's Flail","icon":"flail_1h_204_demonhunter_male","path":"item/giants-flail-Flail_1H_204"},{"id":"P42_Unique_Flail_1H_106_x1","slug":"darklight","name":"Darklight","icon":"p42_unique_flail_1h_106_x1_demonhunter_male","path":"item/darklight-P42_Unique_Flail_1H_106_x1"},{"id":"Flail_1H_201","slug":"painbringer","name":"Painbringer","icon":"flail_1h_201_demonhunter_male","path":"item/painbringer-Flail_1H_201"},{"id":"Flail_1H_101","slug":"ball-and-chain","name":"Ball and Chain","icon":"flail_1h_101_demonhunter_male","path":"item/ball-and-chain-Flail_1H_101"},{"id":"Unique_Flail_1H_101_x1","slug":"golden-scourge","name":"Golden Scourge","icon":"unique_flail_1h_101_x1_demonhunter_male","path":"item/golden-scourge-Unique_Flail_1H_101_x1"},{"id":"Unique_Flail_1H_104_x1","slug":"kassars-retribution","name":"Kassar's Retribution","icon":"unique_flail_1h_104_x1_demonhunter_male","path":"item/kassars-retribution-Unique_Flail_1H_104_x1"},{"id":"Flail_1H_000","slug":"rusty-flail","name":"Rusty Flail","icon":"flail_1h_000_demonhunter_male","path":"item/rusty-flail-Flail_1H_000"},{"id":"Flail_1H_005","slug":"flail","name":"Flail","icon":"flail_1h_005_demonhunter_male","path":"item/flail-Flail_1H_005"},{"id":"TransmogFlail_241_004","slug":"templars-chain","name":"Templar's Chain","icon":"transmogflail_241_004_demonhunter_male","path":"item/templars-chain-TransmogFlail_241_004"},{"id":"Unique_Flail_1H_107_x1","slug":"inviolable-faith","name":"Inviolable Faith","icon":"unique_flail_1h_107_x1_demonhunter_male","path":"item/inviolable-faith-Unique_Flail_1H_107_x1"},{"id":"Flail_1H_103","slug":"shredder","name":"Shredder","icon":"flail_1h_103_demonhunter_male","path":"item/shredder-Flail_1H_103"},{"id":"Flail_1H_105","slug":"royal-guardian","name":"Royal Guardian","icon":"flail_1h_105_demonhunter_male","path":"item/royal-guardian-Flail_1H_105"}]