[{"id":"PH_Helm","slug":"mystery-helm","name":"Mystery Helm","icon":"ph_helm_demonhunter_male","path":"item/mystery-helm-PH_Helm"},{"id":"Helm_006","slug":"plated-helm","name":"Plated Helm","icon":"helm_006_demonhunter_male","path":"item/plated-helm-Helm_006"},{"id":"Helm_203","slug":"zischagge","name":"Zischagge","icon":"helm_203_demonhunter_male","path":"item/zischagge-Helm_203"},{"id":"Helm_204","slug":"hellscape-mask","name":"Hellscape Mask","icon":"helm_204_demonhunter_male","path":"item/hellscape-mask-Helm_204"},{"id":"Helm_207","slug":"rakkisgard-helm","name":"Rakkisgard Helm","icon":"helm_207_demonhunter_male","path":"item/rakkisgard-helm-Helm_207"},{"id":"Helm_202","slug":"stechhelm","name":"Stechhelm","icon":"helm_202_demonhunter_male","path":"item/stechhelm-Helm_202"},{"id":"Helm_002","slug":"leather-hood","name":"Leather Hood","icon":"helm_002_demonhunter_male","path":"item/leather-hood-Helm_002"},{"id":"Helm_004a","slug":"chain-hood","name":"Chain Hood","icon":"helm_004a_demonhunter_male","path":"item/chain-hood-Helm_004a"},{"id":"Helm_104","slug":"casque","name":"Casque","icon":"helm_104_demonhunter_male","path":"item/casque-Helm_104"},{"id":"Helm_208","slug":"ascended-crown","name":"Ascended Crown","icon":"helm_208_demonhunter_male","path":"item/ascended-crown-Helm_208"},{"id":"Helm_205","slug":"sovereign-helm","name":"Sovereign Helm","icon":"helm_205_demonhunter_male","path":"item/sovereign-helm-Helm_205"},{"id":"Helm_004","slug":"arming-cap","name":"Arming Cap","icon":"helm_004_demonhunter_male","path":"item/arming-cap-Helm_004"},{"id":"Helm_206","slug":"archon-crown","name":"Archon Crown","icon":"helm_206_demonhunter_male","path":"item/archon-crown-Helm_206"},{"id":"Helm_003","slug":"coif","name":"Coif","icon":"helm_003_demonhunter_male","path":"item/coif-Helm_003"},{"id":"Helm_005","slug":"helmet","name":"Helmet","icon":"helm_005_demonhunter_male","path":"item/helmet-Helm_005"},{"id":"Helm_201","slug":"hounskull","name":"Hounskull","icon":"helm_201_demonhunter_male","path":"item/hounskull-Helm_201"},{"id":"Helm_105","slug":"great-helm","name":"Great Helm","icon":"helm_105_demonhunter_male","path":"item/great-helm-Helm_105"},{"id":"Helm_101","slug":"crown","name":"Crown","icon":"helm_101_demonhunter_male","path":"item/crown-Helm_101"},{"id":"Helm_103","slug":"klappvisier","name":"Klappvisier","icon":"helm_103_demonhunter_male","path":"item/klappvisier-Helm_103"},{"id":"Helm_102","slug":"basinet","name":"Basinet","icon":"helm_102_demonhunter_male","path":"item/basinet-Helm_102"}]