[{"id":"TransmogHelm_002","slug":"helm-of-the-cranial-crustacean","name":"Helm of the Cranial Crustacean","icon":"transmoghelm_002_demonhunter_male","path":"item/helm-of-the-cranial-crustacean-TransmogHelm_002"},{"id":"Unique_Helm_006_x1","slug":"mempo-of-twilight","name":"Mempo of Twilight","icon":"unique_helm_006_x1_demonhunter_male","path":"item/mempo-of-twilight-Unique_Helm_006_x1"},{"id":"Unique_Helm_Set_09_x1","slug":"jade-harvesters-wisdom","name":"Jade Harvester's Wisdom","icon":"unique_helm_set_09_x1_demonhunter_male","path":"item/jade-harvesters-wisdom-Unique_Helm_Set_09_x1"},{"id":"Unique_Helm_102_x1","slug":"deathseers-cowl","name":"Deathseer's Cowl","icon":"unique_helm_102_x1_demonhunter_male","path":"item/deathseers-cowl-Unique_Helm_102_x1"},{"id":"p43_RetroHelm_003","slug":"veil-of-steel","name":"Veil of Steel","icon":"p43_retrohelm_003_demonhunter_male","path":"item/veil-of-steel-p43_RetroHelm_003"},{"id":"Unique_Helm_015_1xx","slug":"guardians-foresight","name":"Guardian's Foresight","icon":"unique_helm_015_1xx_demonhunter_male","path":"item/guardians-foresight-Unique_Helm_015_1xx"},{"id":"Unique_Helm_002_p1","slug":"leorics-crown","name":"Leoric's Crown","icon":"unique_helm_002_p1_demonhunter_male","path":"item/leorics-crown-Unique_Helm_002_p1"},{"id":"Unique_Helm_012_1xx","slug":"cains-memory","name":"Cain's Memory","icon":"unique_helm_012_1xx_demonhunter_male","path":"item/cains-memory-Unique_Helm_012_1xx"},{"id":"p43_RetroHelm_001","slug":"harlequin-crest","name":"Harlequin Crest","icon":"p43_retrohelm_001_demonhunter_male","path":"item/harlequin-crest-p43_RetroHelm_001"},{"id":"Unique_Helm_015_x1","slug":"guardians-gaze","name":"Guardian's Gaze","icon":"unique_helm_015_x1_demonhunter_male","path":"item/guardians-gaze-Unique_Helm_015_x1"},{"id":"Unique_Helm_009_x1","slug":"natalyas-sight","name":"Natalya's Sight","icon":"unique_helm_009_x1_demonhunter_male","path":"item/natalyas-sight-Unique_Helm_009_x1"},{"id":"P4_Unique_Helm_102","slug":"warhelm-of-kassar","name":"Warhelm of Kassar","icon":"p4_unique_helm_102_demonhunter_male","path":"item/warhelm-of-kassar-P4_Unique_Helm_102"},{"id":"Unique_Helm_014_1xx","slug":"aughilds-peak","name":"Aughild's Peak","icon":"unique_helm_014_1xx_demonhunter_male","path":"item/aughilds-peak-Unique_Helm_014_1xx"},{"id":"Unique_Helm_103_x1","slug":"prides-fall","name":"Pride's Fall","icon":"unique_helm_103_x1_demonhunter_male","path":"item/prides-fall-Unique_Helm_103_x1"},{"id":"Unique_Helm_011_x1","slug":"the-helm-of-rule","name":"The Helm of Rule","icon":"unique_helm_011_x1_demonhunter_male","path":"item/the-helm-of-rule-Unique_Helm_011_x1"},{"id":"Unique_Helm_Set_11_x1","slug":"sunwukos-crown","name":"Sunwuko's Crown","icon":"unique_helm_set_11_x1_demonhunter_male","path":"item/sunwukos-crown-Unique_Helm_Set_11_x1"},{"id":"Unique_Helm_012_x1","slug":"cains-insight","name":"Cain's Insight","icon":"unique_helm_012_x1_demonhunter_male","path":"item/cains-insight-Unique_Helm_012_x1"},{"id":"Unique_Helm_004_x1","slug":"skull-of-resonance","name":"Skull of Resonance","icon":"unique_helm_004_x1_demonhunter_male","path":"item/skull-of-resonance-Unique_Helm_004_x1"},{"id":"Unique_Helm_010_x1","slug":"tal-rashas-guise-of-wisdom","name":"Tal Rasha's Guise of Wisdom","icon":"unique_helm_010_x1_demonhunter_male","path":"item/tal-rashas-guise-of-wisdom-Unique_Helm_010_x1"},{"id":"Unique_Helm_016_1xx","slug":"sages-orbit","name":"Sage's Orbit","icon":"unique_helm_016_1xx_demonhunter_male","path":"item/sages-orbit-Unique_Helm_016_1xx"},{"id":"P4_Unique_Helm_103","slug":"visage-of-gunes","name":"Visage of Gunes","icon":"p4_unique_helm_103_demonhunter_male","path":"item/visage-of-gunes-P4_Unique_Helm_103"},{"id":"Unique_Helm_016_x1","slug":"sages-apogee","name":"Sage's Apogee","icon":"unique_helm_016_x1_demonhunter_male","path":"item/sages-apogee-Unique_Helm_016_x1"},{"id":"Unique_Helm_Set_13_x1","slug":"vyrs-sightless-skull","name":"Vyr's Sightless Skull","icon":"unique_helm_set_13_x1_demonhunter_male","path":"item/vyrs-sightless-skull-Unique_Helm_Set_13_x1"},{"id":"Unique_Helm_008_x1","slug":"immortal-kings-triumph","name":"Immortal King's Triumph","icon":"unique_helm_008_x1_demonhunter_male","path":"item/immortal-kings-triumph-Unique_Helm_008_x1"},{"id":"Unique_Helm_007_x1","slug":"blind-faith","name":"Blind Faith","icon":"unique_helm_007_x1_demonhunter_male","path":"item/blind-faith-Unique_Helm_007_x1"},{"id":"P2_Unique_Helm_001","slug":"broken-crown","name":"Broken Crown","icon":"p2_unique_helm_001_demonhunter_male","path":"item/broken-crown-P2_Unique_Helm_001"},{"id":"TransmogHelm_001","slug":"star-helm","name":"Star Helm","icon":"transmoghelm_001_demonhunter_male","path":"item/star-helm-TransmogHelm_001"},{"id":"p43_RetroHelm_002","slug":"the-undead-crown","name":"The Undead Crown","icon":"p43_retrohelm_002_demonhunter_male","path":"item/the-undead-crown-p43_RetroHelm_002"},{"id":"Unique_Helm_014_x1","slug":"aughilds-spike","name":"Aughild's Spike","icon":"unique_helm_014_x1_demonhunter_male","path":"item/aughilds-spike-Unique_Helm_014_x1"},{"id":"Unique_Helm_011_1xx","slug":"the-helm-of-command","name":"The Helm of Command","icon":"unique_helm_011_1xx_demonhunter_male","path":"item/the-helm-of-command-Unique_Helm_011_1xx"},{"id":"Unique_Helm_Set_12_x1","slug":"crown-of-the-invoker","name":"Crown of the Invoker","icon":"unique_helm_set_12_x1_demonhunter_male","path":"item/crown-of-the-invoker-Unique_Helm_Set_12_x1"},{"id":"Unique_Helm_003_p2","slug":"andariels-visage","name":"Andariel's Visage","icon":"unique_helm_003_p2_demonhunter_male","path":"item/andariels-visage-Unique_Helm_003_p2"},{"id":"Unique_Helm_Set_14_x1","slug":"the-shadows-mask","name":"The Shadow's Mask","icon":"unique_helm_set_14_x1_demonhunter_male","path":"item/the-shadows-mask-Unique_Helm_Set_14_x1"},{"id":"Unique_Helm_Set_15_x1","slug":"eyes-of-the-earth","name":"Eyes of the Earth","icon":"unique_helm_set_15_x1_demonhunter_male","path":"item/eyes-of-the-earth-Unique_Helm_Set_15_x1"}]