[{"id":"Mace_1H_102","slug":"spiked-baton","name":"Spiked Baton","icon":"mace_1h_102_demonhunter_male","path":"item/spiked-baton-Mace_1H_102"},{"id":"Unique_Mace_1H_008_x1","slug":"nailbiter","name":"Nailbiter","icon":"unique_mace_1h_008_x1_demonhunter_male","path":"item/nailbiter-Unique_Mace_1H_008_x1"},{"id":"Unique_Mace_1H_009_1xx","slug":"earthshatter","name":"Earthshatter","icon":"unique_mace_1h_009_1xx_demonhunter_male","path":"item/earthshatter-Unique_Mace_1H_009_1xx"},{"id":"Mace_1H_004","slug":"mace","name":"Mace","icon":"mace_1h_004_demonhunter_male","path":"item/mace-Mace_1H_004"},{"id":"Unique_Mace_1H_010_1xx","slug":"wirts-original-leg","name":"Wirt's Original Leg","icon":"unique_mace_1h_010_1xx_demonhunter_male","path":"item/wirts-original-leg-Unique_Mace_1H_010_1xx"},{"id":"Unique_Mace_1H_103_x1","slug":"jaces-hammer-of-vigilance","name":"Jace's Hammer of Vigilance","icon":"unique_mace_1h_103_x1_demonhunter_male","path":"item/jaces-hammer-of-vigilance-Unique_Mace_1H_103_x1"},{"id":"Mace_1H_202","slug":"truncheon","name":"Truncheon","icon":"mace_1h_202_demonhunter_male","path":"item/truncheon-Mace_1H_202"},{"id":"Mace_1H_205","slug":"goedendag","name":"Goedendag","icon":"mace_1h_205_demonhunter_male","path":"item/goedendag-Mace_1H_205"},{"id":"Mace_1H_105","slug":"pernach","name":"Pernach","icon":"mace_1h_105_demonhunter_male","path":"item/pernach-Mace_1H_105"},{"id":"Unique_Mace_1H_010","slug":"wirts-original-leg","name":"Wirt's Original Leg","icon":"unique_mace_1h_010_demonhunter_male","path":"item/wirts-original-leg-Unique_Mace_1H_010"},{"id":"Mace_1H_206","slug":"crag-hammer","name":"Crag Hammer","icon":"mace_1h_206_demonhunter_male","path":"item/crag-hammer-Mace_1H_206"},{"id":"Unique_Mace_1H_007_x1","slug":"telrandens-hand","name":"Telranden's Hand","icon":"unique_mace_1h_007_x1_demonhunter_male","path":"item/telrandens-hand-Unique_Mace_1H_007_x1"},{"id":"Mace_1H_201","slug":"skull-crusher","name":"Skull Crusher","icon":"mace_1h_201_demonhunter_male","path":"item/skull-crusher-Mace_1H_201"},{"id":"Mace_1H_006","slug":"hammer","name":"Hammer","icon":"mace_1h_006_demonhunter_male","path":"item/hammer-Mace_1H_006"},{"id":"Unique_Mace_1H_010_x1","slug":"wirts-original-leg","name":"Wirt's Original Leg","icon":"unique_mace_1h_010_x1_demonhunter_male","path":"item/wirts-original-leg-Unique_Mace_1H_010_x1"},{"id":"Mace_1H_302","slug":"skullsplitter","name":"Skullsplitter","icon":"mace_1h_302_demonhunter_male","path":"item/skullsplitter-Mace_1H_302"},{"id":"Mace_1H_003","slug":"morning-star","name":"Morning Star","icon":"mace_1h_003_demonhunter_male","path":"item/morning-star-Mace_1H_003"},{"id":"Mace_1H_204","slug":"tripyor","name":"Tripyor","icon":"mace_1h_204_demonhunter_male","path":"item/tripyor-Mace_1H_204"},{"id":"Mace_1H_002","slug":"cudgel","name":"Cudgel","icon":"mace_1h_002_demonhunter_male","path":"item/cudgel-Mace_1H_002"},{"id":"Unique_Mace_1H_102_x1","slug":"solanium","name":"Solanium","icon":"unique_mace_1h_102_x1_demonhunter_male","path":"item/solanium-Unique_Mace_1H_102_x1"},{"id":"Mace_1H_007","slug":"war-gavel","name":"War Gavel","icon":"mace_1h_007_demonhunter_male","path":"item/war-gavel-Mace_1H_007"},{"id":"Unique_Mace_1H_101_x1","slug":"mad-monarchs-scepter","name":"Mad Monarch's Scepter","icon":"unique_mace_1h_101_x1_demonhunter_male","path":"item/mad-monarchs-scepter-Unique_Mace_1H_101_x1"},{"id":"Unique_Mace_1H_005_x1","slug":"nutcracker","name":"Nutcracker","icon":"unique_mace_1h_005_x1_demonhunter_male","path":"item/nutcracker-Unique_Mace_1H_005_x1"},{"id":"Mace_1H_301","slug":"brutalizer","name":"Brutalizer","icon":"mace_1h_301_demonhunter_male","path":"item/brutalizer-Mace_1H_301"},{"id":"Unique_Mace_1H_001_x1","slug":"echoing-fury","name":"Echoing Fury","icon":"unique_mace_1h_001_x1_demonhunter_male","path":"item/echoing-fury-Unique_Mace_1H_001_x1"},{"id":"Mace_1H_103","slug":"war-mace","name":"War Mace","icon":"mace_1h_103_demonhunter_male","path":"item/war-mace-Mace_1H_103"},{"id":"Mace_1H_005","slug":"flanged-mace","name":"Flanged Mace","icon":"mace_1h_005_demonhunter_male","path":"item/flanged-mace-Mace_1H_005"},{"id":"Mace_1H_106","slug":"heavy-hammer","name":"Heavy Hammer","icon":"mace_1h_106_demonhunter_male","path":"item/heavy-hammer-Mace_1H_106"},{"id":"Mace_1H_001","slug":"club","name":"Club","icon":"mace_1h_001_demonhunter_male","path":"item/club-Mace_1H_001"},{"id":"Unique_Mace_1H_002_x1","slug":"odyn-son","name":"Odyn Son","icon":"unique_mace_1h_002_x1_demonhunter_male","path":"item/odyn-son-Unique_Mace_1H_002_x1"},{"id":"Mace_1H_101","slug":"bludgeon","name":"Bludgeon","icon":"mace_1h_101_demonhunter_male","path":"item/bludgeon-Mace_1H_101"},{"id":"Unique_Mace_1H_010_104","slug":"wirts-original-leg","name":"Wirt's Original Leg","icon":"unique_mace_1h_010_104_demonhunter_male","path":"item/wirts-original-leg-Unique_Mace_1H_010_104"},{"id":"Mace_1H_107","slug":"war-hammer","name":"War Hammer","icon":"mace_1h_107_demonhunter_male","path":"item/war-hammer-Mace_1H_107"},{"id":"Mace_1H_203","slug":"death-mace","name":"Death Mace","icon":"mace_1h_203_demonhunter_male","path":"item/death-mace-Mace_1H_203"},{"id":"TransmogMace_241_001","slug":"mace-of-the-crows","name":"Mace of the Crows","icon":"transmogmace_241_001_demonhunter_male","path":"item/mace-of-the-crows-TransmogMace_241_001"},{"id":"Unique_Mace_1H_009_x1","slug":"devastator","name":"Devastator","icon":"unique_mace_1h_009_x1_demonhunter_male","path":"item/devastator-Unique_Mace_1H_009_x1"},{"id":"Unique_Mace_1H_003_x1","slug":"neanderthal","name":"Neanderthal","icon":"unique_mace_1h_003_x1_demonhunter_male","path":"item/neanderthal-Unique_Mace_1H_003_x1"},{"id":"p43_RetroTransmog_WirtsLeg","slug":"wirts-leg","name":"Wirt's Leg","icon":"p43_retrotransmog_wirtsleg_demonhunter_male","path":"item/wirts-leg-p43_RetroTransmog_WirtsLeg"},{"id":"Mace_1H_207","slug":"demolisher","name":"Demolisher","icon":"mace_1h_207_demonhunter_male","path":"item/demolisher-Mace_1H_207"},{"id":"Unique_Mace_1H_011_x1","slug":"sun-keeper","name":"Sun Keeper","icon":"unique_mace_1h_011_x1_demonhunter_male","path":"item/sun-keeper-Unique_Mace_1H_011_x1"},{"id":"Mace_1H_104","slug":"gada","name":"Gada","icon":"mace_1h_104_demonhunter_male","path":"item/gada-Mace_1H_104"}]