[{"id":"MightyWeapon2H_101","slug":"redwood-war-club","name":"Redwood War Club","icon":"mightyweapon2h_101_demonhunter_male","path":"item/redwood-war-club-MightyWeapon2H_101"},{"id":"Unique_Mighty_2H_012_x1","slug":"war-of-the-dead","name":"War of the Dead","icon":"unique_mighty_2h_012_x1_demonhunter_male","path":"item/war-of-the-dead-Unique_Mighty_2H_012_x1"},{"id":"MightyWeapon2H_302","slug":"steppes-smasher","name":"Steppes Smasher","icon":"mightyweapon2h_302_demonhunter_male","path":"item/steppes-smasher-MightyWeapon2H_302"},{"id":"Unique_Mighty_2H_004_p1","slug":"bastions-revered","name":"Bastion's Revered","icon":"unique_mighty_2h_004_p1_demonhunter_male","path":"item/bastions-revered-Unique_Mighty_2H_004_p1"},{"id":"MightyWeapon2H_002","slug":"giant-sword","name":"Giant Sword","icon":"mightyweapon2h_002_demonhunter_male","path":"item/giant-sword-MightyWeapon2H_002"},{"id":"P4_Unique_Mighty_2H_101","slug":"blade-of-the-tribes","name":"Blade of the Tribes","icon":"p4_unique_mighty_2h_101_demonhunter_male","path":"item/blade-of-the-tribes-P4_Unique_Mighty_2H_101"},{"id":"MightyWeapon2H_103","slug":"crusher","name":"Crusher","icon":"mightyweapon2h_103_demonhunter_male","path":"item/crusher-MightyWeapon2H_103"},{"id":"MightyWeapon2H_301","slug":"hassan-chopper","name":"Hassan Chopper","icon":"mightyweapon2h_301_demonhunter_male","path":"item/hassan-chopper-MightyWeapon2H_301"},{"id":"MightyWeapon2H_203","slug":"behemoth","name":"Behemoth","icon":"mightyweapon2h_203_demonhunter_male","path":"item/behemoth-MightyWeapon2H_203"},{"id":"MightyWeapon2H_004","slug":"giant-axe","name":"Giant Axe","icon":"mightyweapon2h_004_demonhunter_male","path":"item/giant-axe-MightyWeapon2H_004"},{"id":"P61_Unique_Mighty_2H_006","slug":"fury-of-the-vanished-peak","name":"Fury of the Vanished Peak","icon":"p61_unique_mighty_2h_006_demonhunter_male","path":"item/fury-of-the-vanished-peak-P61_Unique_Mighty_2H_006"},{"id":"P61_Unique_Mighty_2H_001","slug":"the-gavel-of-judgment","name":"The Gavel of Judgment","icon":"p61_unique_mighty_2h_001_demonhunter_male","path":"item/the-gavel-of-judgment-P61_Unique_Mighty_2H_001"},{"id":"MightyWeapon2H_202","slug":"titan-sword","name":"Titan Sword","icon":"mightyweapon2h_202_demonhunter_male","path":"item/titan-sword-MightyWeapon2H_202"},{"id":"Unique_Mighty_2H_012_1xx","slug":"unending-war","name":"Unending War","icon":"unique_mighty_2h_012_1xx_demonhunter_male","path":"item/unending-war-Unique_Mighty_2H_012_1xx"},{"id":"MightyWeapon2H_003","slug":"giant-hammer","name":"Giant Hammer","icon":"mightyweapon2h_003_demonhunter_male","path":"item/giant-hammer-MightyWeapon2H_003"},{"id":"Unique_Mighty_2H_101_x1","slug":"madawcs-sorrow","name":"Madawc's Sorrow","icon":"unique_mighty_2h_101_x1_demonhunter_male","path":"item/madawcs-sorrow-Unique_Mighty_2H_101_x1"},{"id":"Unique_Mighty_2H_010_x1","slug":"immortal-kings-boulder-breaker","name":"Immortal King's Boulder Breaker","icon":"unique_mighty_2h_010_x1_demonhunter_male","path":"item/immortal-kings-boulder-breaker-Unique_Mighty_2H_010_x1"},{"id":"MightyWeapon2H_201","slug":"battersmash","name":"Battersmash","icon":"mightyweapon2h_201_demonhunter_male","path":"item/battersmash-MightyWeapon2H_201"},{"id":"MightyWeapon2H_104","slug":"colossus-axe","name":"Colossus Axe","icon":"mightyweapon2h_104_demonhunter_male","path":"item/colossus-axe-MightyWeapon2H_104"},{"id":"MightyWeapon2H_102","slug":"colossus-sword","name":"Colossus Sword","icon":"mightyweapon2h_102_demonhunter_male","path":"item/colossus-sword-MightyWeapon2H_102"},{"id":"MightyWeapon2H_001","slug":"petrified-trunk","name":"Petrified Trunk","icon":"mightyweapon2h_001_demonhunter_male","path":"item/petrified-trunk-MightyWeapon2H_001"},{"id":"MightyWeapon2H_004a","slug":"giant-cleaver","name":"Giant Cleaver","icon":"mightyweapon2h_004a_demonhunter_male","path":"item/giant-cleaver-MightyWeapon2H_004a"},{"id":"MightyWeapon2H_204","slug":"titan-axe","name":"Titan Axe","icon":"mightyweapon2h_204_demonhunter_male","path":"item/titan-axe-MightyWeapon2H_204"}]