[{"id":"Polearm_003","slug":"guisarme","name":"Guisarme","icon":"polearm_003_demonhunter_male","path":"item/guisarme-Polearm_003"},{"id":"Polearm_004","slug":"hache","name":"Hache","icon":"polearm_004_demonhunter_male","path":"item/hache-Polearm_004"},{"id":"Polearm_108","slug":"partizan","name":"Partizan","icon":"polearm_108_demonhunter_male","path":"item/partizan-Polearm_108"},{"id":"Polearm_101","slug":"voulge","name":"Voulge","icon":"polearm_101_demonhunter_male","path":"item/voulge-Polearm_101"},{"id":"Polearm_103","slug":"croc","name":"Croc","icon":"polearm_103_demonhunter_male","path":"item/croc-Polearm_103"},{"id":"Polearm_008","slug":"lance","name":"Lance","icon":"polearm_008_demonhunter_male","path":"item/lance-Polearm_008"},{"id":"Polearm_105","slug":"bisento","name":"Bisento","icon":"polearm_105_demonhunter_male","path":"item/bisento-Polearm_105"},{"id":"Polearm_005","slug":"glaive","name":"Glaive","icon":"polearm_005_demonhunter_male","path":"item/glaive-Polearm_005"},{"id":"Polearm_208","slug":"dread-lance","name":"Dread Lance","icon":"polearm_208_demonhunter_male","path":"item/dread-lance-Polearm_208"},{"id":"TransmogPolearm_241_001","slug":"man-prodder","name":"Man Prodder","icon":"transmogpolearm_241_001_demonhunter_male","path":"item/man-prodder-TransmogPolearm_241_001"},{"id":"Polearm_104","slug":"battle-hache","name":"Battle Hache","icon":"polearm_104_demonhunter_male","path":"item/battle-hache-Polearm_104"},{"id":"Polearm_006","slug":"pole-axe","name":"Pole Axe","icon":"polearm_006_demonhunter_male","path":"item/pole-axe-Polearm_006"},{"id":"Polearm_206","slug":"war-thresher","name":"War Thresher","icon":"polearm_206_demonhunter_male","path":"item/war-thresher-Polearm_206"},{"id":"Polearm_107","slug":"battle-halberd","name":"Battle Halberd","icon":"polearm_107_demonhunter_male","path":"item/battle-halberd-Polearm_107"},{"id":"Polearm_007","slug":"halberd","name":"Halberd","icon":"polearm_007_demonhunter_male","path":"item/halberd-Polearm_007"},{"id":"Polearm_205","slug":"kwan-dao","name":"Kwan Dao","icon":"polearm_205_demonhunter_male","path":"item/kwan-dao-Polearm_205"},{"id":"Unique_Polearm_003_p1","slug":"heart-slaughter","name":"Heart Slaughter","icon":"unique_polearm_003_p1_demonhunter_male","path":"item/heart-slaughter-Unique_Polearm_003_p1"},{"id":"Unique_Polearm_001_x1","slug":"vigilance","name":"Vigilance","icon":"unique_polearm_001_x1_demonhunter_male","path":"item/vigilance-Unique_Polearm_001_x1"},{"id":"Polearm_203","slug":"skewer","name":"Skewer","icon":"polearm_203_demonhunter_male","path":"item/skewer-Polearm_203"},{"id":"Polearm_301","slug":"trident","name":"Trident","icon":"polearm_301_demonhunter_male","path":"item/trident-Polearm_301"},{"id":"Polearm_106","slug":"great-pole-axe","name":"Great Pole Axe","icon":"polearm_106_demonhunter_male","path":"item/great-pole-axe-Polearm_106"},{"id":"Polearm_102","slug":"naginata","name":"Naginata","icon":"polearm_102_demonhunter_male","path":"item/naginata-Polearm_102"},{"id":"Polearm_202","slug":"fauchard","name":"Fauchard","icon":"polearm_202_demonhunter_male","path":"item/fauchard-Polearm_202"},{"id":"P61_Unique_Polearm_01","slug":"standoff","name":"Standoff","icon":"p61_unique_polearm_01_demonhunter_male","path":"item/standoff-P61_Unique_Polearm_01"},{"id":"Polearm_302","slug":"trishula","name":"Trishula","icon":"polearm_302_demonhunter_male","path":"item/trishula-Polearm_302"},{"id":"Polearm_204","slug":"war-crest","name":"War Crest","icon":"polearm_204_demonhunter_male","path":"item/war-crest-Polearm_204"},{"id":"Unique_Polearm_101_x1","slug":"bovine-bardiche","name":"Bovine Bardiche","icon":"unique_polearm_101_x1_demonhunter_male","path":"item/bovine-bardiche-Unique_Polearm_101_x1"},{"id":"Polearm_201","slug":"lochaber-axe","name":"Lochaber Axe","icon":"polearm_201_demonhunter_male","path":"item/lochaber-axe-Polearm_201"},{"id":"Polearm_207","slug":"grand-halberd","name":"Grand Halberd","icon":"polearm_207_demonhunter_male","path":"item/grand-halberd-Polearm_207"},{"id":"Polearm_001","slug":"bardiche","name":"Bardiche","icon":"polearm_001_demonhunter_male","path":"item/bardiche-Polearm_001"},{"id":"Unique_Polearm_002_x1","slug":"pledge-of-caldeum","name":"Pledge of Caldeum","icon":"unique_polearm_002_x1_demonhunter_male","path":"item/pledge-of-caldeum-Unique_Polearm_002_x1"},{"id":"Polearm_002","slug":"pike","name":"Pike","icon":"polearm_002_demonhunter_male","path":"item/pike-Polearm_002"}]