[{"id":"Unique_Ring_015_x1","slug":"litany-of-the-undaunted","name":"Litany of the Undaunted","icon":"unique_ring_015_x1_demonhunter_male","path":"item/litany-of-the-undaunted-Unique_Ring_015_x1"},{"id":"P61_Unique_Ring_03","slug":"halo-of-karini","name":"Halo of Karini","icon":"p61_unique_ring_03_demonhunter_male","path":"item/halo-of-karini-P61_Unique_Ring_03"},{"id":"Unique_Ring_107_x1","slug":"ring-of-royal-grandeur","name":"Ring of Royal Grandeur","icon":"unique_ring_107_x1_demonhunter_male","path":"item/ring-of-royal-grandeur-Unique_Ring_107_x1"},{"id":"Unique_Ring_024_x1","slug":"hellfire-ring","name":"Hellfire Ring","icon":"unique_ring_024_x1_demonhunter_male","path":"item/hellfire-ring-Unique_Ring_024_x1"},{"id":"Unique_Ring_013_x1","slug":"the-compass-rose","name":"The Compass Rose","icon":"unique_ring_013_x1_demonhunter_male","path":"item/the-compass-rose-Unique_Ring_013_x1"},{"id":"Ring_20","slug":"ring","name":"Ring","icon":"ring_20_demonhunter_male","path":"item/ring-Ring_20"},{"id":"Unique_Ring_014_x1","slug":"the-wailing-host","name":"The Wailing Host","icon":"unique_ring_014_x1_demonhunter_male","path":"item/the-wailing-host-Unique_Ring_014_x1"},{"id":"Unique_Ring_Set_001_x1","slug":"focus","name":"Focus","icon":"unique_ring_set_001_x1_demonhunter_male","path":"item/focus-Unique_Ring_Set_001_x1"},{"id":"Unique_Ring_109_x1","slug":"pandemonium-loop","name":"Pandemonium Loop","icon":"unique_ring_109_x1_demonhunter_male","path":"item/pandemonium-loop-Unique_Ring_109_x1"},{"id":"Ring_04","slug":"ring","name":"Ring","icon":"ring_04_demonhunter_male","path":"item/ring-Ring_04"},{"id":"Ring_18","slug":"ring","name":"Ring","icon":"ring_18_demonhunter_male","path":"item/ring-Ring_18"},{"id":"PH_Ring","slug":"mystery-ring","name":"Mystery Ring","icon":"ph_ring_demonhunter_male","path":"item/mystery-ring-PH_Ring"},{"id":"Unique_Ring_108_x1","slug":"avarice-band","name":"Avarice Band","icon":"unique_ring_108_x1_demonhunter_male","path":"item/avarice-band-Unique_Ring_108_x1"},{"id":"Ring_09","slug":"ring","name":"Ring","icon":"ring_09_demonhunter_male","path":"item/ring-Ring_09"},{"id":"P61_Unique_Ring_02","slug":"skull-grasp","name":"Skull Grasp","icon":"p61_unique_ring_02_demonhunter_male","path":"item/skull-grasp-P61_Unique_Ring_02"},{"id":"Unique_Ring_023_p2","slug":"obsidian-ring-of-the-zodiac","name":"Obsidian Ring of the Zodiac","icon":"unique_ring_023_p2_demonhunter_male","path":"item/obsidian-ring-of-the-zodiac-Unique_Ring_023_p2"},{"id":"Ring_25","slug":"ring","name":"Ring","icon":"ring_25_demonhunter_male","path":"item/ring-Ring_25"},{"id":"Unique_Ring_101_x1","slug":"the-tall-mans-finger","name":"The Tall Man's Finger","icon":"unique_ring_101_x1_demonhunter_male","path":"item/the-tall-mans-finger-Unique_Ring_101_x1"},{"id":"Unique_Ring_001_x1","slug":"band-of-hollow-whispers","name":"Band of Hollow Whispers","icon":"unique_ring_001_x1_demonhunter_male","path":"item/band-of-hollow-whispers-Unique_Ring_001_x1"},{"id":"Ring_16","slug":"ring","name":"Ring","icon":"ring_16_demonhunter_male","path":"item/ring-Ring_16"},{"id":"Ring_08","slug":"ring","name":"Ring","icon":"ring_08_demonhunter_male","path":"item/ring-Ring_08"},{"id":"P61_Unique_Ring_05","slug":"band-of-might","name":"Band of Might","icon":"p61_unique_ring_05_demonhunter_male","path":"item/band-of-might-P61_Unique_Ring_05"},{"id":"Ring_02","slug":"ring","name":"Ring","icon":"ring_02_demonhunter_male","path":"item/ring-Ring_02"},{"id":"Unique_Ring_006_p2","slug":"broken-promises","name":"Broken Promises","icon":"unique_ring_006_p2_demonhunter_male","path":"item/broken-promises-Unique_Ring_006_p2"},{"id":"Ring_10","slug":"ring","name":"Ring","icon":"ring_10_demonhunter_male","path":"item/ring-Ring_10"},{"id":"P42_Unique_Ring_Haunt","slug":"ring-of-emptiness","name":"Ring of Emptiness","icon":"p42_unique_ring_haunt_demonhunter_male","path":"item/ring-of-emptiness-P42_Unique_Ring_Haunt"},{"id":"Ring_07","slug":"ring","name":"Ring","icon":"ring_07_demonhunter_male","path":"item/ring-Ring_07"},{"id":"Unique_Ring_003_x1","slug":"kredes-flame","name":"Krede's Flame","icon":"unique_ring_003_x1_demonhunter_male","path":"item/kredes-flame-Unique_Ring_003_x1"},{"id":"Ring_21","slug":"ring","name":"Ring","icon":"ring_21_demonhunter_male","path":"item/ring-Ring_21"},{"id":"Unique_Ring_002_x1","slug":"leorics-signet","name":"Leoric's Signet","icon":"unique_ring_002_x1_demonhunter_male","path":"item/leorics-signet-Unique_Ring_002_x1"},{"id":"P43_Unique_Ring_021_x1","slug":"manald-heal","name":"Manald Heal","icon":"p43_unique_ring_021_x1_demonhunter_male","path":"item/manald-heal-P43_Unique_Ring_021_x1"},{"id":"Ring_01","slug":"ring","name":"Ring","icon":"ring_01_demonhunter_male","path":"item/ring-Ring_01"},{"id":"Ring_13","slug":"ring","name":"Ring","icon":"ring_13_demonhunter_male","path":"item/ring-Ring_13"},{"id":"Unique_Ring_109_p2","slug":"pandemonium-loop","name":"Pandemonium Loop","icon":"unique_ring_109_p2_demonhunter_male","path":"item/pandemonium-loop-Unique_Ring_109_p2"},{"id":"Ring_24","slug":"ring","name":"Ring","icon":"ring_24_demonhunter_male","path":"item/ring-Ring_24"},{"id":"Unique_Ring_104_x1","slug":"rechels-ring-of-larceny","name":"Rechel's Ring of Larceny","icon":"unique_ring_104_x1_demonhunter_male","path":"item/rechels-ring-of-larceny-Unique_Ring_104_x1"},{"id":"P2_Unique_Ring_03","slug":"arcstone","name":"Arcstone","icon":"p2_unique_ring_03_demonhunter_male","path":"item/arcstone-P2_Unique_Ring_03"},{"id":"P4_Unique_Ring_03","slug":"justice-lantern","name":"Justice Lantern","icon":"p4_unique_ring_03_demonhunter_male","path":"item/justice-lantern-P4_Unique_Ring_03"},{"id":"P4_Unique_Ring_02","slug":"elusive-ring","name":"Elusive Ring","icon":"p4_unique_ring_02_demonhunter_male","path":"item/elusive-ring-P4_Unique_Ring_02"},{"id":"Ring_06","slug":"ring","name":"Ring","icon":"ring_06_demonhunter_male","path":"item/ring-Ring_06"},{"id":"P6_Unique_Ring_02","slug":"briggs-wrath","name":"Briggs' Wrath","icon":"p6_unique_ring_02_demonhunter_male","path":"item/briggs-wrath-P6_Unique_Ring_02"},{"id":"Ring_15","slug":"ring","name":"Ring","icon":"ring_15_demonhunter_male","path":"item/ring-Ring_15"},{"id":"p43_RetroRing_002","slug":"ring-of-truth","name":"Ring of Truth","icon":"p43_retroring_002_demonhunter_male","path":"item/ring-of-truth-p43_RetroRing_002"},{"id":"P6_Unique_Ring_01","slug":"circle-of-nailujs-evol","name":"Circle of Nailuj's Evol","icon":"p6_unique_ring_01_demonhunter_male","path":"item/circle-of-nailujs-evol-P6_Unique_Ring_01"},{"id":"Ring_14","slug":"ring","name":"Ring","icon":"ring_14_demonhunter_male","path":"item/ring-Ring_14"},{"id":"Ring_05","slug":"ring","name":"Ring","icon":"ring_05_demonhunter_male","path":"item/ring-Ring_05"},{"id":"Unique_Ring_106_x1","slug":"band-of-the-rue-chambers","name":"Band of the Rue Chambers","icon":"unique_ring_106_x1_demonhunter_male","path":"item/band-of-the-rue-chambers-Unique_Ring_106_x1"},{"id":"Unique_Ring_020_x1","slug":"bulkathoss-wedding-band","name":"Bul-Kathos's Wedding Band","icon":"unique_ring_020_x1_demonhunter_male","path":"item/bulkathoss-wedding-band-Unique_Ring_020_x1"},{"id":"Unique_Ring_Set_002_x1","slug":"restraint","name":"Restraint","icon":"unique_ring_set_002_x1_demonhunter_male","path":"item/restraint-Unique_Ring_Set_002_x1"},{"id":"Unique_Ring_012_x1","slug":"zunimassas-pox","name":"Zunimassa's Pox","icon":"unique_ring_012_x1_demonhunter_male","path":"item/zunimassas-pox-Unique_Ring_012_x1"},{"id":"p43_RetroRing_001","slug":"empyrean-band","name":"Empyrean Band","icon":"p43_retroring_001_demonhunter_male","path":"item/empyrean-band-p43_RetroRing_001"},{"id":"Ring_19","slug":"ring","name":"Ring","icon":"ring_19_demonhunter_male","path":"item/ring-Ring_19"},{"id":"Unique_Ring_103_x1","slug":"rogars-huge-stone","name":"Rogar's Huge Stone","icon":"unique_ring_103_x1_demonhunter_male","path":"item/rogars-huge-stone-Unique_Ring_103_x1"},{"id":"Ring_23","slug":"ring","name":"Ring","icon":"ring_23_demonhunter_male","path":"item/ring-Ring_23"},{"id":"Unique_Ring_004_x1","slug":"puzzle-ring","name":"Puzzle Ring","icon":"unique_ring_004_x1_demonhunter_male","path":"item/puzzle-ring-Unique_Ring_004_x1"},{"id":"Ring_12","slug":"ring","name":"Ring","icon":"ring_12_demonhunter_male","path":"item/ring-Ring_12"},{"id":"Unique_Ring_102_p2","slug":"wyrdward","name":"Wyrdward","icon":"unique_ring_102_p2_demonhunter_male","path":"item/wyrdward-Unique_Ring_102_p2"},{"id":"Unique_Ring_024_104","slug":"hellfire-ring","name":"Hellfire Ring","icon":"unique_ring_024_104_demonhunter_male","path":"item/hellfire-ring-Unique_Ring_024_104"},{"id":"Ring_11","slug":"ring","name":"Ring","icon":"ring_11_demonhunter_male","path":"item/ring-Ring_11"},{"id":"Unique_Ring_007_p1","slug":"eternal-union","name":"Eternal Union","icon":"unique_ring_007_p1_demonhunter_male","path":"item/eternal-union-Unique_Ring_007_p1"},{"id":"Ring_17","slug":"ring","name":"Ring","icon":"ring_17_demonhunter_male","path":"item/ring-Ring_17"},{"id":"Unique_Ring_019_x1","slug":"stone-of-jordan","name":"Stone of Jordan","icon":"unique_ring_019_x1_demonhunter_male","path":"item/stone-of-jordan-Unique_Ring_019_x1"},{"id":"Unique_Ring_010_x1","slug":"unity","name":"Unity","icon":"unique_ring_010_x1_demonhunter_male","path":"item/unity-Unique_Ring_010_x1"},{"id":"P6_Unique_Ring_03","slug":"krysbins-sentence","name":"Krysbin's Sentence","icon":"p6_unique_ring_03_demonhunter_male","path":"item/krysbins-sentence-P6_Unique_Ring_03"},{"id":"Unique_Ring_017_p4","slug":"oculus-ring","name":"Oculus Ring","icon":"unique_ring_017_p4_demonhunter_male","path":"item/oculus-ring-Unique_Ring_017_p4"},{"id":"Ring_03","slug":"ring","name":"Ring","icon":"ring_03_demonhunter_male","path":"item/ring-Ring_03"},{"id":"Unique_Ring_011_x1","slug":"natalyas-reflection","name":"Natalya's Reflection","icon":"unique_ring_011_x1_demonhunter_male","path":"item/natalyas-reflection-Unique_Ring_011_x1"},{"id":"p2_Unique_Ring_Wizard_001","slug":"halo-of-arlyse","name":"Halo of Arlyse","icon":"p2_unique_ring_wizard_001_demonhunter_male","path":"item/halo-of-arlyse-p2_Unique_Ring_Wizard_001"},{"id":"P6_Unique_Ring_04","slug":"lornelles-sunstone","name":"Lornelle's Sunstone","icon":"p6_unique_ring_04_demonhunter_male","path":"item/lornelles-sunstone-P6_Unique_Ring_04"},{"id":"P61_Unique_Ring_01","slug":"the-short-mans-finger","name":"The Short Man's Finger","icon":"p61_unique_ring_01_demonhunter_male","path":"item/the-short-mans-finger-P61_Unique_Ring_01"},{"id":"Ring_22","slug":"ring","name":"Ring","icon":"ring_22_demonhunter_male","path":"item/ring-Ring_22"},{"id":"Unique_Ring_018_p2","slug":"nagelring","name":"Nagelring","icon":"unique_ring_018_p2_demonhunter_male","path":"item/nagelring-Unique_Ring_018_p2"},{"id":"P2_Unique_Ring_04","slug":"convention-of-elements","name":"Convention of Elements","icon":"p2_unique_ring_04_demonhunter_male","path":"item/convention-of-elements-P2_Unique_Ring_04"}]