[{"id":"x1_FollowerItem_Scoundrel_Legendary_02","slug":"ribald-etchings","name":"Ribald Etchings","icon":"x1_followeritem_scoundrel_legendary_02_demonhunter_male","path":"item/ribald-etchings-x1_FollowerItem_Scoundrel_Legendary_02"},{"id":"Scoundrel_Special_002","slug":"glass-blade","name":"Glass Blade","icon":"scoundrel_special_002_demonhunter_male","path":"item/glass-blade-Scoundrel_Special_002"},{"id":"Scoundrel_Special_203","slug":"brooch","name":"Brooch","icon":"scoundrel_special_203_demonhunter_male","path":"item/brooch-Scoundrel_Special_203"},{"id":"Scoundrel_Special_103","slug":"clasp","name":"Clasp","icon":"scoundrel_special_103_demonhunter_male","path":"item/clasp-Scoundrel_Special_103"},{"id":"Scoundrel_Special_001","slug":"dice","name":"Dice","icon":"scoundrel_special_001_demonhunter_male","path":"item/dice-Scoundrel_Special_001"},{"id":"Scoundrel_Special_202","slug":"diamond-razor","name":"Diamond Razor","icon":"scoundrel_special_202_demonhunter_male","path":"item/diamond-razor-Scoundrel_Special_202"},{"id":"Scoundrel_Special_201","slug":"bone-dice","name":"Bone Dice","icon":"scoundrel_special_201_demonhunter_male","path":"item/bone-dice-Scoundrel_Special_201"},{"id":"Scoundrel_Special_204","slug":"dust-satchel","name":"Dust Satchel","icon":"scoundrel_special_204_demonhunter_male","path":"item/dust-satchel-Scoundrel_Special_204"},{"id":"x1_FollowerItem_Scoundrel_Legendary_01","slug":"skeleton-key","name":"Skeleton Key","icon":"x1_followeritem_scoundrel_legendary_01_demonhunter_male","path":"item/skeleton-key-x1_FollowerItem_Scoundrel_Legendary_01"},{"id":"x1_FollowerItem_Scoundrel_Legendary_03","slug":"slipkas-letter-opener","name":"Slipka's Letter Opener","icon":"x1_followeritem_scoundrel_legendary_03_demonhunter_male","path":"item/slipkas-letter-opener-x1_FollowerItem_Scoundrel_Legendary_03"},{"id":"Scoundrel_Special_001a","slug":"obsidian-dice","name":"Obsidian Dice","icon":"scoundrel_special_001a_demonhunter_male","path":"item/obsidian-dice-Scoundrel_Special_001a"},{"id":"Scoundrel_Special_104","slug":"sand-pouch","name":"Sand Pouch","icon":"scoundrel_special_104_demonhunter_male","path":"item/sand-pouch-Scoundrel_Special_104"},{"id":"Scoundrel_Special_101","slug":"loaded-dice","name":"Loaded Dice","icon":"scoundrel_special_101_demonhunter_male","path":"item/loaded-dice-Scoundrel_Special_101"},{"id":"Scoundrel_Special_206","slug":"stinger","name":"Stinger","icon":"scoundrel_special_206_demonhunter_male","path":"item/stinger-Scoundrel_Special_206"},{"id":"Scoundrel_Special_102","slug":"crystal-edge","name":"Crystal Edge","icon":"scoundrel_special_102_demonhunter_male","path":"item/crystal-edge-Scoundrel_Special_102"},{"id":"Scoundrel_Special_205","slug":"hazard","name":"Hazard","icon":"scoundrel_special_205_demonhunter_male","path":"item/hazard-Scoundrel_Special_205"}]