[{"id":"Scythe_1H_001_t3","slug":"shotel","name":"Shotel","icon":"scythe_1h_001_t3_demonhunter_male","path":"item/shotel-Scythe_1H_001_t3"},{"id":"Scythe_1H_002_t3","slug":"billhook","name":"Billhook","icon":"scythe_1h_002_t3_demonhunter_male","path":"item/billhook-Scythe_1H_002_t3"},{"id":"Scythe_1H_002","slug":"artisan-scythe","name":"Artisan Scythe","icon":"scythe_1h_002_demonhunter_male","path":"item/artisan-scythe-Scythe_1H_002"},{"id":"Scythe_1H_004","slug":"bone-scythe","name":"Bone Scythe","icon":"scythe_1h_004_demonhunter_male","path":"item/bone-scythe-Scythe_1H_004"},{"id":"Scythe_1H_001","slug":"falx","name":"Falx","icon":"scythe_1h_001_demonhunter_male","path":"item/falx-Scythe_1H_001"},{"id":"P6_Unique_Scythe1H_04","slug":"jesseth-skullscythe","name":"Jesseth Skullscythe","icon":"p6_unique_scythe1h_04_demonhunter_male","path":"item/jesseth-skullscythe-P6_Unique_Scythe1H_04"},{"id":"Scythe_1H_001_t2","slug":"harpe","name":"Harpe","icon":"scythe_1h_001_t2_demonhunter_male","path":"item/harpe-Scythe_1H_001_t2"},{"id":"Scythe_1H_001_t4","slug":"kama","name":"Kama","icon":"scythe_1h_001_t4_demonhunter_male","path":"item/kama-Scythe_1H_001_t4"},{"id":"Scythe_1H_000","slug":"apprentices-scythe","name":"Apprentice's Scythe","icon":"scythe_1h_000_demonhunter_male","path":"item/apprentices-scythe-Scythe_1H_000"},{"id":"Scythe_1H_002_t4","slug":"arival","name":"Arival","icon":"scythe_1h_002_t4_demonhunter_male","path":"item/arival-Scythe_1H_002_t4"},{"id":"P61_Unique_Scythe1H_03","slug":"scythe-of-the-cycle","name":"Scythe of the Cycle","icon":"p61_unique_scythe1h_03_demonhunter_male","path":"item/scythe-of-the-cycle-P61_Unique_Scythe1H_03"},{"id":"Scythe_1H_002_t8","slug":"primitive-scythe","name":"Primitive Scythe","icon":"scythe_1h_002_t8_demonhunter_male","path":"item/primitive-scythe-Scythe_1H_002_t8"},{"id":"Scythe_1H_002_t5","slug":"stone-scythe","name":"Stone Scythe","icon":"scythe_1h_002_t5_demonhunter_male","path":"item/stone-scythe-Scythe_1H_002_t5"},{"id":"Scythe_1H_002_t6","slug":"war-sickle","name":"War Sickle","icon":"scythe_1h_002_t6_demonhunter_male","path":"item/war-sickle-Scythe_1H_002_t6"},{"id":"Scythe_1H_002_t7","slug":"iron-scythe","name":"Iron Scythe","icon":"scythe_1h_002_t7_demonhunter_male","path":"item/iron-scythe-Scythe_1H_002_t7"},{"id":"Scythe_1H_002_t2","slug":"khopesh","name":"Khopesh","icon":"scythe_1h_002_t2_demonhunter_male","path":"item/khopesh-Scythe_1H_002_t2"},{"id":"P6_Unique_Scythe1H_02","slug":"tragouls-corroded-fang","name":"Trag'Oul's Corroded Fang","icon":"p6_unique_scythe1h_02_demonhunter_male","path":"item/tragouls-corroded-fang-P6_Unique_Scythe1H_02"},{"id":"Scythe_1H_003","slug":"flensing-scythe","name":"Flensing Scythe","icon":"scythe_1h_003_demonhunter_male","path":"item/flensing-scythe-Scythe_1H_003"},{"id":"Scythe_1H_003_t2","slug":"sacrificial-scythe","name":"Sacrificial Scythe","icon":"scythe_1h_003_t2_demonhunter_male","path":"item/sacrificial-scythe-Scythe_1H_003_t2"},{"id":"P6_Unique_Scythe1H_01","slug":"funerary-pick","name":"Funerary Pick","icon":"p6_unique_scythe1h_01_demonhunter_male","path":"item/funerary-pick-P6_Unique_Scythe1H_01"}]