[{"id":"Unique_Shield_012_1xx","slug":"hallowed-defender","name":"Hallowed Defender","icon":"unique_shield_012_1xx_demonhunter_male","path":"item/hallowed-defender-Unique_Shield_012_1xx"},{"id":"Shield_203_104","slug":"defender","name":"Defender","icon":"shield_203_104_demonhunter_male","path":"item/defender-Shield_203_104"},{"id":"P61_Unique_Shield_007","slug":"denial","name":"Denial","icon":"p61_unique_shield_007_demonhunter_male","path":"item/denial-P61_Unique_Shield_007"},{"id":"Shield_201","slug":"aspis","name":"Aspis","icon":"shield_201_demonhunter_male","path":"item/aspis-Shield_201"},{"id":"Shield_209","slug":"ascended-shield","name":"Ascended Shield","icon":"shield_209_demonhunter_male","path":"item/ascended-shield-Shield_209"},{"id":"Shield_204_104","slug":"scutum","name":"Scutum","icon":"shield_204_104_demonhunter_male","path":"item/scutum-Shield_204_104"},{"id":"Shield_206","slug":"dread-shield","name":"Dread Shield","icon":"shield_206_demonhunter_male","path":"item/dread-shield-Shield_206"},{"id":"Unique_Shield_104_x1","slug":"votoyias-spiker","name":"Vo'Toyias Spiker","icon":"unique_shield_104_x1_demonhunter_male","path":"item/votoyias-spiker-Unique_Shield_104_x1"},{"id":"Shield_005","slug":"large-shield","name":"Large Shield","icon":"shield_005_demonhunter_male","path":"item/large-shield-Shield_005"},{"id":"Unique_Shield_011_x1","slug":"wall-of-man","name":"Wall of Man","icon":"unique_shield_011_x1_demonhunter_male","path":"item/wall-of-man-Unique_Shield_011_x1"},{"id":"Shield_001","slug":"buckler","name":"Buckler","icon":"shield_001_demonhunter_male","path":"item/buckler-Shield_001"},{"id":"Unique_Shield_009_x1","slug":"stormshield","name":"Stormshield","icon":"unique_shield_009_x1_demonhunter_male","path":"item/stormshield-Unique_Shield_009_x1"},{"id":"Shield_204","slug":"scutum","name":"Scutum","icon":"shield_204_demonhunter_male","path":"item/scutum-Shield_204"},{"id":"Unique_Shield_012_x1","slug":"hallowed-barricade","name":"Hallowed Barricade","icon":"unique_shield_012_x1_demonhunter_male","path":"item/hallowed-barricade-Unique_Shield_012_x1"},{"id":"Shield_203","slug":"defender","name":"Defender","icon":"shield_203_demonhunter_male","path":"item/defender-Shield_203"},{"id":"Shield_102","slug":"rondache","name":"Rondache","icon":"shield_102_demonhunter_male","path":"item/rondache-Shield_102"},{"id":"Unique_Shield_004_x1","slug":"freeze-of-deflection","name":"Freeze of Deflection","icon":"unique_shield_004_x1_demonhunter_male","path":"item/freeze-of-deflection-Unique_Shield_004_x1"},{"id":"Unique_Shield_011_1xx","slug":"wall-of-bone","name":"Wall of Bone","icon":"unique_shield_011_1xx_demonhunter_male","path":"item/wall-of-bone-Unique_Shield_011_1xx"},{"id":"Shield_004","slug":"kite-shield","name":"Kite Shield","icon":"shield_004_demonhunter_male","path":"item/kite-shield-Shield_004"},{"id":"Shield_003","slug":"heater-shield","name":"Heater Shield","icon":"shield_003_demonhunter_male","path":"item/heater-shield-Shield_003"},{"id":"Shield_101","slug":"pelta","name":"Pelta","icon":"shield_101_demonhunter_male","path":"item/pelta-Shield_101"},{"id":"Shield_207_104","slug":"sacred-shield","name":"Sacred Shield","icon":"shield_207_104_demonhunter_male","path":"item/sacred-shield-Shield_207_104"},{"id":"Shield_208","slug":"rakkisgard-shield","name":"Rakkisgard Shield","icon":"shield_208_demonhunter_male","path":"item/rakkisgard-shield-Shield_208"},{"id":"Shield_206_104","slug":"dread-shield","name":"Dread Shield","icon":"shield_206_104_demonhunter_male","path":"item/dread-shield-Shield_206_104"},{"id":"Shield_205_104","slug":"aegis","name":"Aegis","icon":"shield_205_104_demonhunter_male","path":"item/aegis-Shield_205_104"},{"id":"Shield_103","slug":"knight-shield","name":"Knight Shield","icon":"shield_103_demonhunter_male","path":"item/knight-shield-Shield_103"},{"id":"Unique_Shield_101_p2","slug":"defender-of-westmarch","name":"Defender of Westmarch","icon":"unique_shield_101_p2_demonhunter_male","path":"item/defender-of-westmarch-Unique_Shield_101_p2"},{"id":"P2_Unique_Shield_002","slug":"ivory-tower","name":"Ivory Tower","icon":"p2_unique_shield_002_demonhunter_male","path":"item/ivory-tower-P2_Unique_Shield_002"},{"id":"Shield_007","slug":"tower-shield","name":"Tower Shield","icon":"shield_007_demonhunter_male","path":"item/tower-shield-Shield_007"},{"id":"Unique_Shield_107_x1","slug":"covens-criterion","name":"Coven's Criterion","icon":"unique_shield_107_x1_demonhunter_male","path":"item/covens-criterion-Unique_Shield_107_x1"},{"id":"Shield_002","slug":"targe-shield","name":"Targe Shield","icon":"shield_002_demonhunter_male","path":"item/targe-shield-Shield_002"},{"id":"Shield_107","slug":"savior","name":"Savior","icon":"shield_107_demonhunter_male","path":"item/savior-Shield_107"},{"id":"Shield_207","slug":"sacred-shield","name":"Sacred Shield","icon":"shield_207_demonhunter_male","path":"item/sacred-shield-Shield_207"},{"id":"Unique_Shield_102_x1","slug":"eberli-charo","name":"Eberli Charo","icon":"unique_shield_102_x1_demonhunter_male","path":"item/eberli-charo-Unique_Shield_102_x1"},{"id":"Shield_105","slug":"pavise","name":"Pavise","icon":"shield_105_demonhunter_male","path":"item/pavise-Shield_105"},{"id":"Shield_000","slug":"buckler","name":"Buckler","icon":"shield_000_demonhunter_male","path":"item/buckler-Shield_000"},{"id":"PH_Shield","slug":"mystery-shield","name":"Mystery Shield","icon":"ph_shield_demonhunter_male","path":"item/mystery-shield-PH_Shield"},{"id":"TransmogShield_313","slug":"lachdanans-stormshield","name":"Lachdanan's Stormshield","icon":"transmogshield_313_demonhunter_male","path":"item/lachdanans-stormshield-TransmogShield_313"},{"id":"Shield_205","slug":"aegis","name":"Aegis","icon":"shield_205_demonhunter_male","path":"item/aegis-Shield_205"},{"id":"P6_Unique_Shield_01","slug":"jesseth-skullshield","name":"Jesseth Skullshield","icon":"p6_unique_shield_01_demonhunter_male","path":"item/jesseth-skullshield-P6_Unique_Shield_01"},{"id":"Shield_106","slug":"bone-shield","name":"Bone Shield","icon":"shield_106_demonhunter_male","path":"item/bone-shield-Shield_106"},{"id":"Shield_006","slug":"gothic-shield","name":"Gothic Shield","icon":"shield_006_demonhunter_male","path":"item/gothic-shield-Shield_006"},{"id":"Shield_202","slug":"hoplon","name":"Hoplon","icon":"shield_202_demonhunter_male","path":"item/hoplon-Shield_202"},{"id":"Unique_Shield_008_x1","slug":"lidless-wall","name":"Lidless Wall","icon":"unique_shield_008_x1_demonhunter_male","path":"item/lidless-wall-Unique_Shield_008_x1"},{"id":"Shield_104","slug":"ironwood-shield","name":"Ironwood Shield","icon":"shield_104_demonhunter_male","path":"item/ironwood-shield-Shield_104"}]