[{"id":"P4_Unique_Shoulder_101","slug":"lefebvres-soliloquy","name":"Lefebvre's Soliloquy","icon":"p4_unique_shoulder_101_demonhunter_male","path":"item/lefebvres-soliloquy-P4_Unique_Shoulder_101"},{"id":"Unique_Shoulder_Set_12_x1","slug":"burden-of-the-invoker","name":"Burden of the Invoker","icon":"unique_shoulder_set_12_x1_demonhunter_male","path":"item/burden-of-the-invoker-Unique_Shoulder_Set_12_x1"},{"id":"Shoulders_004","slug":"amice","name":"Amice","icon":"shoulders_004_demonhunter_male","path":"item/amice-Shoulders_004"},{"id":"Unique_Shoulder_Set_15_x1","slug":"spires-of-the-earth","name":"Spires of the Earth","icon":"unique_shoulder_set_15_x1_demonhunter_male","path":"item/spires-of-the-earth-Unique_Shoulder_Set_15_x1"},{"id":"Unique_Shoulder_103_x1","slug":"pauldrons-of-the-skeleton-king","name":"Pauldrons of the Skeleton King","icon":"unique_shoulder_103_x1_demonhunter_male","path":"item/pauldrons-of-the-skeleton-king-Unique_Shoulder_103_x1"},{"id":"P3_Unique_Shoulder_102","slug":"fury-of-the-ancients","name":"Fury of the Ancients","icon":"p3_unique_shoulder_102_demonhunter_male","path":"item/fury-of-the-ancients-P3_Unique_Shoulder_102"},{"id":"Shoulders_006","slug":"shoulder-plates","name":"Shoulder Plates","icon":"shoulders_006_demonhunter_male","path":"item/shoulder-plates-Shoulders_006"},{"id":"Unique_Shoulder_009_x1","slug":"demons-aileron","name":"Demon's Aileron","icon":"unique_shoulder_009_x1_demonhunter_male","path":"item/demons-aileron-Unique_Shoulder_009_x1"},{"id":"Unique_Shoulder_008_1xx","slug":"aughilds-reign","name":"Aughild's Reign","icon":"unique_shoulder_008_1xx_demonhunter_male","path":"item/aughilds-reign-Unique_Shoulder_008_1xx"},{"id":"Unique_Shoulder_001_x1","slug":"homing-pads","name":"Homing Pads","icon":"unique_shoulder_001_x1_demonhunter_male","path":"item/homing-pads-Unique_Shoulder_001_x1"},{"id":"P4_Unique_Shoulder_103","slug":"mantle-of-channeling","name":"Mantle of Channeling","icon":"p4_unique_shoulder_103_demonhunter_male","path":"item/mantle-of-channeling-P4_Unique_Shoulder_103"},{"id":"Shoulders_206","slug":"archon-spaulders","name":"Archon Spaulders","icon":"shoulders_206_demonhunter_male","path":"item/archon-spaulders-Shoulders_206"},{"id":"Shoulders_204","slug":"doom-pauldrons","name":"Doom Pauldrons","icon":"shoulders_204_demonhunter_male","path":"item/doom-pauldrons-Shoulders_204"},{"id":"Unique_Shoulder_002_p2","slug":"death-watch-mantle","name":"Death Watch Mantle","icon":"unique_shoulder_002_p2_demonhunter_male","path":"item/death-watch-mantle-Unique_Shoulder_002_p2"},{"id":"Unique_Shoulder_Set_11_x1","slug":"sunwukos-balance","name":"Sunwuko's Balance","icon":"unique_shoulder_set_11_x1_demonhunter_male","path":"item/sunwukos-balance-Unique_Shoulder_Set_11_x1"},{"id":"Shoulders_102","slug":"ailettes","name":"Ailettes","icon":"shoulders_102_demonhunter_male","path":"item/ailettes-Shoulders_102"},{"id":"Shoulders_101","slug":"etched-mantle","name":"Etched Mantle","icon":"shoulders_101_demonhunter_male","path":"item/etched-mantle-Shoulders_101"},{"id":"Unique_Shoulder_007_x1","slug":"corruption","name":"Corruption","icon":"unique_shoulder_007_x1_demonhunter_male","path":"item/corruption-Unique_Shoulder_007_x1"},{"id":"Unique_Shoulder_Set_09_x1","slug":"jade-harvesters-joy","name":"Jade Harvester's Joy","icon":"unique_shoulder_set_09_x1_demonhunter_male","path":"item/jade-harvesters-joy-Unique_Shoulder_Set_09_x1"},{"id":"Unique_Shoulder_006_x1","slug":"borns-privilege","name":"Born's Privilege","icon":"unique_shoulder_006_x1_demonhunter_male","path":"item/borns-privilege-Unique_Shoulder_006_x1"},{"id":"Unique_Shoulder_102_x1","slug":"spaulders-of-zakara","name":"Spaulders of Zakara","icon":"unique_shoulder_102_x1_demonhunter_male","path":"item/spaulders-of-zakara-Unique_Shoulder_102_x1"},{"id":"Shoulders_202","slug":"espaliers","name":"Espaliers","icon":"shoulders_202_demonhunter_male","path":"item/espaliers-Shoulders_202"},{"id":"Unique_Shoulder_017_x1","slug":"ashearas-custodian","name":"Asheara's Custodian","icon":"unique_shoulder_017_x1_demonhunter_male","path":"item/ashearas-custodian-Unique_Shoulder_017_x1"},{"id":"Unique_Shoulder_006_1xx","slug":"borns-impunity","name":"Born's Impunity","icon":"unique_shoulder_006_1xx_demonhunter_male","path":"item/borns-impunity-Unique_Shoulder_006_1xx"},{"id":"Shoulders_005","slug":"spaulders","name":"Spaulders","icon":"shoulders_005_demonhunter_male","path":"item/spaulders-Shoulders_005"},{"id":"Unique_Shoulder_003_p1","slug":"vile-ward","name":"Vile Ward","icon":"unique_shoulder_003_p1_demonhunter_male","path":"item/vile-ward-Unique_Shoulder_003_p1"},{"id":"Shoulders_203","slug":"warlord-spaulders","name":"Warlord Spaulders","icon":"shoulders_203_demonhunter_male","path":"item/warlord-spaulders-Shoulders_203"},{"id":"Shoulders_003","slug":"shoulder-guards","name":"Shoulder Guards","icon":"shoulders_003_demonhunter_male","path":"item/shoulder-guards-Shoulders_003"},{"id":"Unique_Shoulder_007_1xx","slug":"seven-sins","name":"Seven Sins","icon":"unique_shoulder_007_1xx_demonhunter_male","path":"item/seven-sins-Unique_Shoulder_007_1xx"},{"id":"Shoulders_103","slug":"pauldrons","name":"Pauldrons","icon":"shoulders_103_demonhunter_male","path":"item/pauldrons-Shoulders_103"},{"id":"Unique_Shoulder_009_1xx","slug":"demons-flight","name":"Demon's Flight","icon":"unique_shoulder_009_1xx_demonhunter_male","path":"item/demons-flight-Unique_Shoulder_009_1xx"},{"id":"Shoulders_208","slug":"ascended-pauldrons","name":"Ascended Pauldrons","icon":"shoulders_208_demonhunter_male","path":"item/ascended-pauldrons-Shoulders_208"},{"id":"Unique_Shoulder_017_1xx","slug":"ashearas-guard","name":"Asheara's Guard","icon":"unique_shoulder_017_1xx_demonhunter_male","path":"item/ashearas-guard-Unique_Shoulder_017_1xx"},{"id":"Shoulders_105","slug":"epaulets","name":"Epaulets","icon":"shoulders_105_demonhunter_male","path":"item/epaulets-Shoulders_105"},{"id":"Shoulders_205","slug":"pallium","name":"Pallium","icon":"shoulders_205_demonhunter_male","path":"item/pallium-Shoulders_205"},{"id":"Shoulders_207","slug":"rakkisgard-pauldrons","name":"Rakkisgard Pauldrons","icon":"shoulders_207_demonhunter_male","path":"item/rakkisgard-pauldrons-Shoulders_207"},{"id":"Shoulders_201","slug":"balor-pauldrons","name":"Balor Pauldrons","icon":"shoulders_201_demonhunter_male","path":"item/balor-pauldrons-Shoulders_201"},{"id":"Unique_Shoulder_008_x1","slug":"aughilds-power","name":"Aughild's Power","icon":"unique_shoulder_008_x1_demonhunter_male","path":"item/aughilds-power-Unique_Shoulder_008_x1"},{"id":"TransmogShoulders_001","slug":"star-pauldrons","name":"Star Pauldrons","icon":"transmogshoulders_001_demonhunter_male","path":"item/star-pauldrons-TransmogShoulders_001"},{"id":"Shoulders_104","slug":"sode","name":"Sode","icon":"shoulders_104_demonhunter_male","path":"item/sode-Shoulders_104"},{"id":"Unique_Shoulder_Set_13_x1","slug":"vyrs-proud-pauldrons","name":"Vyr's Proud Pauldrons","icon":"unique_shoulder_set_13_x1_demonhunter_male","path":"item/vyrs-proud-pauldrons-Unique_Shoulder_Set_13_x1"},{"id":"PH_Shoulders","slug":"mystery-shoulders","name":"Mystery Shoulders","icon":"ph_shoulders_demonhunter_male","path":"item/mystery-shoulders-PH_Shoulders"},{"id":"Shoulders_002","slug":"leather-mantle","name":"Leather Mantle","icon":"shoulders_002_demonhunter_male","path":"item/leather-mantle-Shoulders_002"},{"id":"Unique_Shoulder_Set_14_x1","slug":"the-shadows-burden","name":"The Shadow's Burden","icon":"unique_shoulder_set_14_x1_demonhunter_male","path":"item/the-shadows-burden-Unique_Shoulder_Set_14_x1"}]