[{"id":"Staff_101","slug":"mentor-staff","name":"Mentor Staff","icon":"staff_101_demonhunter_male","path":"item/mentor-staff-Staff_101"},{"id":"Staff_105","slug":"shamanic-staff","name":"Shamanic Staff","icon":"staff_105_demonhunter_male","path":"item/shamanic-staff-Staff_105"},{"id":"Staff_202","slug":"stygian-staff","name":"Stygian Staff","icon":"staff_202_demonhunter_male","path":"item/stygian-staff-Staff_202"},{"id":"Staff_007","slug":"war-staff","name":"War Staff","icon":"staff_007_demonhunter_male","path":"item/war-staff-Staff_007"},{"id":"Staff_206","slug":"mythical-staff","name":"Mythical Staff","icon":"staff_206_demonhunter_male","path":"item/mythical-staff-Staff_206"},{"id":"Unique_Staff_002_x1","slug":"mark-of-the-magi","name":"Mark of The Magi","icon":"unique_staff_002_x1_demonhunter_male","path":"item/mark-of-the-magi-Unique_Staff_002_x1"},{"id":"Unique_Staff_103_x1","slug":"the-smoldering-core","name":"The Smoldering Core","icon":"unique_staff_103_x1_demonhunter_male","path":"item/the-smoldering-core-Unique_Staff_103_x1"},{"id":"Staff_006","slug":"battle-staff","name":"Battle Staff","icon":"staff_006_demonhunter_male","path":"item/battle-staff-Staff_006"},{"id":"Staff_001","slug":"short-staff","name":"Short Staff","icon":"staff_001_demonhunter_male","path":"item/short-staff-Staff_001"},{"id":"StaffOfCow_Nightmare","slug":"nightmarish-staff-of-herding","name":"Nightmarish Staff of Herding","icon":"staffofcow_nightmare_demonhunter_male","path":"item/nightmarish-staff-of-herding-StaffOfCow_Nightmare"},{"id":"Staff_103","slug":"petrified-staff","name":"Petrified Staff","icon":"staff_103_demonhunter_male","path":"item/petrified-staff-Staff_103"},{"id":"p43_RetroStaff_001","slug":"archangels-staff-of-the-apocalypse","name":"Archangel's Staff of the Apocalypse","icon":"p43_retrostaff_001_demonhunter_male","path":"item/archangels-staff-of-the-apocalypse-p43_RetroStaff_001"},{"id":"Staff_106","slug":"high-priest-staff","name":"High Priest Staff","icon":"staff_106_demonhunter_male","path":"item/high-priest-staff-Staff_106"},{"id":"Unique_Staff_002_1xx","slug":"the-magi","name":"The Magi","icon":"unique_staff_002_1xx_demonhunter_male","path":"item/the-magi-Unique_Staff_002_1xx"},{"id":"StaffOfCow_Inferno","slug":"infernal-staff-of-herding","name":"Infernal Staff of Herding","icon":"staffofcow_inferno_demonhunter_male","path":"item/infernal-staff-of-herding-StaffOfCow_Inferno"},{"id":"Staff_207","slug":"sovereign-staff","name":"Sovereign Staff","icon":"staff_207_demonhunter_male","path":"item/sovereign-staff-Staff_207"},{"id":"Staff_205","slug":"conquest-staff","name":"Conquest Staff","icon":"staff_205_demonhunter_male","path":"item/conquest-staff-Staff_205"},{"id":"Staff_302","slug":"kerykeion","name":"Kerykeion","icon":"staff_302_demonhunter_male","path":"item/kerykeion-Staff_302"},{"id":"Staff_004","slug":"gnarled-staff","name":"Gnarled Staff","icon":"staff_004_demonhunter_male","path":"item/gnarled-staff-Staff_004"},{"id":"StaffOfCow_Hell","slug":"hellish-staff-of-herding","name":"Hellish Staff of Herding","icon":"staffofcow_hell_demonhunter_male","path":"item/hellish-staff-of-herding-StaffOfCow_Hell"},{"id":"StaffOfCow","slug":"staff-of-herding","name":"Staff of Herding","icon":"staffofcow_demonhunter_male","path":"item/staff-of-herding-StaffOfCow"},{"id":"Staff_301","slug":"caduceus-staff","name":"Caduceus Staff","icon":"staff_301_demonhunter_male","path":"item/caduceus-staff-Staff_301"},{"id":"Staff_002","slug":"long-staff","name":"Long Staff","icon":"staff_002_demonhunter_male","path":"item/long-staff-Staff_002"},{"id":"Staff_005","slug":"bone-staff","name":"Bone Staff","icon":"staff_005_demonhunter_male","path":"item/bone-staff-Staff_005"},{"id":"Staff_102","slug":"obsidian-staff","name":"Obsidian Staff","icon":"staff_102_demonhunter_male","path":"item/obsidian-staff-Staff_102"},{"id":"Unique_Staff_102_x1","slug":"valtheks-rebuke","name":"Valthek's Rebuke","icon":"unique_staff_102_x1_demonhunter_male","path":"item/valtheks-rebuke-Unique_Staff_102_x1"},{"id":"Staff_107","slug":"arcane-staff","name":"Arcane Staff","icon":"staff_107_demonhunter_male","path":"item/arcane-staff-Staff_107"},{"id":"Staff_003","slug":"yew-staff","name":"Yew Staff","icon":"staff_003_demonhunter_male","path":"item/yew-staff-Staff_003"},{"id":"Staff_201","slug":"hyperion-staff","name":"Hyperion Staff","icon":"staff_201_demonhunter_male","path":"item/hyperion-staff-Staff_201"},{"id":"Staff_104","slug":"elder-staff","name":"Elder Staff","icon":"staff_104_demonhunter_male","path":"item/elder-staff-Staff_104"},{"id":"Unique_Staff_007_x1","slug":"the-tormentor","name":"The Tormentor","icon":"unique_staff_007_x1_demonhunter_male","path":"item/the-tormentor-Unique_Staff_007_x1"},{"id":"Staff_203","slug":"primordial-staff","name":"Primordial Staff","icon":"staff_203_demonhunter_male","path":"item/primordial-staff-Staff_203"},{"id":"Unique_Staff_104_x1","slug":"suwong-diviner","name":"SuWong Diviner","icon":"unique_staff_104_x1_demonhunter_male","path":"item/suwong-diviner-Unique_Staff_104_x1"},{"id":"Unique_Staff_101_x1","slug":"ahavarion-spear-of-lycander","name":"Ahavarion, Spear of Lycander","icon":"unique_staff_101_x1_demonhunter_male","path":"item/ahavarion-spear-of-lycander-Unique_Staff_101_x1"},{"id":"P2_Unique_Staff_003","slug":"wormwood","name":"Wormwood","icon":"p2_unique_staff_003_demonhunter_male","path":"item/wormwood-P2_Unique_Staff_003"},{"id":"TransmogStaff_241_001","slug":"the-reapers-kiss","name":"The Reaper's Kiss","icon":"transmogstaff_241_001_demonhunter_male","path":"item/the-reapers-kiss-TransmogStaff_241_001"},{"id":"Staff_204","slug":"archaic-staff","name":"Archaic Staff","icon":"staff_204_demonhunter_male","path":"item/archaic-staff-Staff_204"},{"id":"P61_Unique_Staff_001","slug":"staff-of-chiroptera","name":"Staff of Chiroptera","icon":"p61_unique_staff_001_demonhunter_male","path":"item/staff-of-chiroptera-P61_Unique_Staff_001"},{"id":"Unique_Staff_006_x1","slug":"maloths-focus","name":"Maloth's Focus","icon":"unique_staff_006_x1_demonhunter_male","path":"item/maloths-focus-Unique_Staff_006_x1"},{"id":"Unique_Staff_001_x1","slug":"the-broken-staff","name":"The Broken Staff","icon":"unique_staff_001_x1_demonhunter_male","path":"item/the-broken-staff-Unique_Staff_001_x1"},{"id":"P61_Unique_Staff_009","slug":"the-grand-vizier","name":"The Grand Vizier","icon":"p61_unique_staff_009_demonhunter_male","path":"item/the-grand-vizier-P61_Unique_Staff_009"}]