[{"id":"p43_RetroSword_1H_001","slug":"kings-sword-of-haste","name":"King's Sword of Haste","icon":"p43_retrosword_1h_001_demonhunter_male","path":"item/kings-sword-of-haste-p43_RetroSword_1H_001"},{"id":"Unique_Sword_1H_010_x1","slug":"rakanishus-blade","name":"Rakanishu's Blade","icon":"unique_sword_1h_010_x1_demonhunter_male","path":"item/rakanishus-blade-Unique_Sword_1H_010_x1"},{"id":"Sword_1H_203","slug":"strong-sword","name":"Strong Sword","icon":"sword_1h_203_demonhunter_male","path":"item/strong-sword-Sword_1H_203"},{"id":"Unique_Sword_1H_017_x1","slug":"monster-hunter","name":"Monster Hunter","icon":"unique_sword_1h_017_x1_demonhunter_male","path":"item/monster-hunter-Unique_Sword_1H_017_x1"},{"id":"Unique_Sword_1H_001_104","slug":"griswolds-worn-edge","name":"Griswold's Worn Edge","icon":"unique_sword_1h_001_104_demonhunter_male","path":"item/griswolds-worn-edge-Unique_Sword_1H_001_104"},{"id":"Sword_1H_107","slug":"raid-sword","name":"Raid Sword","icon":"sword_1h_107_demonhunter_male","path":"item/raid-sword-Sword_1H_107"},{"id":"Sword_1H_103","slug":"battle-sword","name":"Battle Sword","icon":"sword_1h_103_demonhunter_male","path":"item/battle-sword-Sword_1H_103"},{"id":"TransmogSword_241_003","slug":"ghoul-kings-blade","name":"Ghoul King's Blade","icon":"transmogsword_241_003_demonhunter_male","path":"item/ghoul-kings-blade-TransmogSword_241_003"},{"id":"TransmogSword_241_001","slug":"god-butcher","name":"God Butcher","icon":"transmogsword_241_001_demonhunter_male","path":"item/god-butcher-TransmogSword_241_001"},{"id":"Unique_Sword_1H_010_1xx","slug":"rakanishus-blade","name":"Rakanishu's Blade","icon":"unique_sword_1h_010_1xx_demonhunter_male","path":"item/rakanishus-blade-Unique_Sword_1H_010_1xx"},{"id":"Sword_1H_106","slug":"shamshir","name":"Shamshir","icon":"sword_1h_106_demonhunter_male","path":"item/shamshir-Sword_1H_106"},{"id":"TransmogSword_241_004","slug":"quinquennial-sword","name":"Quinquennial Sword","icon":"transmogsword_241_004_demonhunter_male","path":"item/quinquennial-sword-TransmogSword_241_004"},{"id":"Sword_1H_206","slug":"saif","name":"Saif","icon":"sword_1h_206_demonhunter_male","path":"item/saif-Sword_1H_206"},{"id":"Unique_Sword_1H_109_x1","slug":"rimeheart","name":"Rimeheart","icon":"unique_sword_1h_109_x1_demonhunter_male","path":"item/rimeheart-Unique_Sword_1H_109_x1"},{"id":"Unique_Sword_1H_007_x1","slug":"sever","name":"Sever","icon":"unique_sword_1h_007_x1_demonhunter_male","path":"item/sever-Unique_Sword_1H_007_x1"},{"id":"Unique_Sword_1H_010","slug":"rakanishus-blade","name":"Rakanishu's Blade","icon":"unique_sword_1h_010_demonhunter_male","path":"item/rakanishus-blade-Unique_Sword_1H_010"},{"id":"Sword_1H_205","slug":"tulwar","name":"Tulwar","icon":"sword_1h_205_demonhunter_male","path":"item/tulwar-Sword_1H_205"},{"id":"Unique_Sword_1H_003_x1","slug":"the-ancient-bonesaber-of-zumakalis","name":"The Ancient Bonesaber of Zumakalis","icon":"unique_sword_1h_003_x1_demonhunter_male","path":"item/the-ancient-bonesaber-of-zumakalis-Unique_Sword_1H_003_x1"},{"id":"Sword_1H_002","slug":"sabre","name":"Sabre","icon":"sword_1h_002_demonhunter_male","path":"item/sabre-Sword_1H_002"},{"id":"Sword_1H_105","slug":"dao","name":"Dao","icon":"sword_1h_105_demonhunter_male","path":"item/dao-Sword_1H_105"},{"id":"Sword_1H_104","slug":"knight-sword","name":"Knight Sword","icon":"sword_1h_104_demonhunter_male","path":"item/knight-sword-Sword_1H_104"},{"id":"P3_Unique_Sword_1H_104","slug":"fulminator","name":"Fulminator","icon":"p3_unique_sword_1h_104_demonhunter_male","path":"item/fulminator-P3_Unique_Sword_1H_104"},{"id":"Sword_1H_302","slug":"tsunami-blade","name":"Tsunami Blade","icon":"sword_1h_302_demonhunter_male","path":"item/tsunami-blade-Sword_1H_302"},{"id":"Unique_Sword_1H_001","slug":"griswolds-worn-edge","name":"Griswold's Worn Edge","icon":"unique_sword_1h_001_demonhunter_male","path":"item/griswolds-worn-edge-Unique_Sword_1H_001"},{"id":"TransmogSword_241_002","slug":"amberwing","name":"Amberwing","icon":"transmogsword_241_002_demonhunter_male","path":"item/amberwing-TransmogSword_241_002"},{"id":"Unique_Sword_1H_014_x1","slug":"doombringer","name":"Doombringer","icon":"unique_sword_1h_014_x1_demonhunter_male","path":"item/doombringer-Unique_Sword_1H_014_x1"},{"id":"Sword_1H_008","slug":"bastard-sword","name":"Bastard Sword","icon":"sword_1h_008_demonhunter_male","path":"item/bastard-sword-Sword_1H_008"},{"id":"Sword_1H_301","slug":"champion-sword","name":"Champion Sword","icon":"sword_1h_301_demonhunter_male","path":"item/champion-sword-Sword_1H_301"},{"id":"P4_Unique_Sword_1H_01","slug":"sword-of-ill-will","name":"Sword of Ill Will","icon":"p4_unique_sword_1h_01_demonhunter_male","path":"item/sword-of-ill-will-P4_Unique_Sword_1H_01"},{"id":"Unique_Sword_1H_019_x1","slug":"griswolds-perfection","name":"Griswold's Perfection","icon":"unique_sword_1h_019_x1_demonhunter_male","path":"item/griswolds-perfection-Unique_Sword_1H_019_x1"},{"id":"Unique_Sword_1H_102_x1","slug":"exarian","name":"Exarian","icon":"unique_sword_1h_102_x1_demonhunter_male","path":"item/exarian-Unique_Sword_1H_102_x1"},{"id":"Unique_Sword_1H_001_1xx","slug":"griswolds-worn-edge","name":"Griswold's Worn Edge","icon":"unique_sword_1h_001_1xx_demonhunter_male","path":"item/griswolds-worn-edge-Unique_Sword_1H_001_1xx"},{"id":"Sword_1H_101","slug":"gladius","name":"Gladius","icon":"sword_1h_101_demonhunter_male","path":"item/gladius-Sword_1H_101"},{"id":"Sword_1H_003","slug":"broadsword","name":"Broadsword","icon":"sword_1h_003_demonhunter_male","path":"item/broadsword-Sword_1H_003"},{"id":"Sword_1H_207","slug":"conquest-sword","name":"Conquest Sword","icon":"sword_1h_207_demonhunter_male","path":"item/conquest-sword-Sword_1H_207"},{"id":"TransmogSword_241_005","slug":"second-quinquennial-sword","name":"Second Quinquennial Sword","icon":"transmogsword_241_005_demonhunter_male","path":"item/second-quinquennial-sword-TransmogSword_241_005"},{"id":"Unique_Sword_1H_018_x1","slug":"borns-furious-wrath","name":"Born's Furious Wrath","icon":"unique_sword_1h_018_x1_demonhunter_male","path":"item/borns-furious-wrath-Unique_Sword_1H_018_x1"},{"id":"Unique_Sword_1H_001_x1","slug":"griswolds-worn-edge","name":"Griswold's Worn Edge","icon":"unique_sword_1h_001_x1_demonhunter_male","path":"item/griswolds-worn-edge-Unique_Sword_1H_001_x1"},{"id":"Sword_1H_001","slug":"short-sword","name":"Short Sword","icon":"sword_1h_001_demonhunter_male","path":"item/short-sword-Sword_1H_001"},{"id":"Sword_1H_202","slug":"pirate-sword","name":"Pirate Sword","icon":"sword_1h_202_demonhunter_male","path":"item/pirate-sword-Sword_1H_202"},{"id":"P61_Unique_Sword_1H_112_x1","slug":"deathwish","name":"Deathwish","icon":"p61_unique_sword_1h_112_x1_demonhunter_male","path":"item/deathwish-P61_Unique_Sword_1H_112_x1"},{"id":"Unique_Sword_1H_002_x1","slug":"wildwood","name":"Wildwood","icon":"unique_sword_1h_002_x1_demonhunter_male","path":"item/wildwood-Unique_Sword_1H_002_x1"},{"id":"Unique_Sword_1H_101_x1","slug":"thunderfury-blessed-blade-of-the-windseeker","name":"Thunderfury, Blessed Blade of the Windseeker","icon":"unique_sword_1h_101_x1_demonhunter_male","path":"item/thunderfury-blessed-blade-of-the-windseeker-Unique_Sword_1H_101_x1"},{"id":"Unique_Sword_1H_Set_03_x1","slug":"little-rogue","name":"Little Rogue","icon":"unique_sword_1h_set_03_x1_demonhunter_male","path":"item/little-rogue-Unique_Sword_1H_Set_03_x1"},{"id":"Unique_Sword_1H_004_x1","slug":"skycutter","name":"Skycutter","icon":"unique_sword_1h_004_x1_demonhunter_male","path":"item/skycutter-Unique_Sword_1H_004_x1"},{"id":"Unique_Sword_1H_113_x1","slug":"ingeom","name":"In-geom","icon":"unique_sword_1h_113_x1_demonhunter_male","path":"item/ingeom-Unique_Sword_1H_113_x1"},{"id":"Sword_1H_208","slug":"rune-sword","name":"Rune Sword","icon":"sword_1h_208_demonhunter_male","path":"item/rune-sword-Sword_1H_208"},{"id":"Unique_Sword_1H_011_x1","slug":"devil-tongue","name":"Devil Tongue","icon":"unique_sword_1h_011_x1_demonhunter_male","path":"item/devil-tongue-Unique_Sword_1H_011_x1"},{"id":"Unique_Sword_1H_Set_02_x1","slug":"the-slanderer","name":"The Slanderer","icon":"unique_sword_1h_set_02_x1_demonhunter_male","path":"item/the-slanderer-Unique_Sword_1H_Set_02_x1"},{"id":"Sword_1H_108","slug":"ancient-sword","name":"Ancient Sword","icon":"sword_1h_108_demonhunter_male","path":"item/ancient-sword-Sword_1H_108"},{"id":"Unique_Sword_1H_010_104","slug":"rakanishus-blade","name":"Rakanishu's Blade","icon":"unique_sword_1h_010_104_demonhunter_male","path":"item/rakanishus-blade-Unique_Sword_1H_010_104"},{"id":"Sword_1H_201","slug":"spatha","name":"Spatha","icon":"sword_1h_201_demonhunter_male","path":"item/spatha-Sword_1H_201"},{"id":"Unique_Sword_1H_018_1xx","slug":"borns-searing-spite","name":"Born's Searing Spite","icon":"unique_sword_1h_018_1xx_demonhunter_male","path":"item/borns-searing-spite-Unique_Sword_1H_018_1xx"},{"id":"Sword_1H_004","slug":"longsword","name":"Longsword","icon":"sword_1h_004_demonhunter_male","path":"item/longsword-Sword_1H_004"},{"id":"P3_Unique_Sword_1H_012","slug":"azurewrath","name":"Azurewrath","icon":"p3_unique_sword_1h_012_demonhunter_male","path":"item/azurewrath-P3_Unique_Sword_1H_012"},{"id":"Unique_Sword_1H_019_1xx","slug":"griswolds-masterpiece","name":"Griswold's Masterpiece","icon":"unique_sword_1h_019_1xx_demonhunter_male","path":"item/griswolds-masterpiece-Unique_Sword_1H_019_1xx"},{"id":"Unique_Sword_1H_Promo_02_x1","slug":"shard-of-hate","name":"Shard of Hate","icon":"unique_sword_1h_promo_02_x1_demonhunter_male","path":"item/shard-of-hate-Unique_Sword_1H_Promo_02_x1"},{"id":"Sword_1H_204","slug":"king-blade","name":"King Blade","icon":"sword_1h_204_demonhunter_male","path":"item/king-blade-Sword_1H_204"},{"id":"Sword_1H_006","slug":"scimitar","name":"Scimitar","icon":"sword_1h_006_demonhunter_male","path":"item/scimitar-Sword_1H_006"},{"id":"Sword_1H_007","slug":"war-sword","name":"War Sword","icon":"sword_1h_007_demonhunter_male","path":"item/war-sword-Sword_1H_007"},{"id":"Unique_Sword_1H_103_x1","slug":"gift-of-silaria","name":"Gift of Silaria","icon":"unique_sword_1h_103_x1_demonhunter_male","path":"item/gift-of-silaria-Unique_Sword_1H_103_x1"},{"id":"Unique_Sword_1H_107_x1","slug":"the-twisted-sword","name":"The Twisted Sword","icon":"unique_sword_1h_107_x1_demonhunter_male","path":"item/the-twisted-sword-Unique_Sword_1H_107_x1"},{"id":"Sword_1H_102","slug":"cutlass","name":"Cutlass","icon":"sword_1h_102_demonhunter_male","path":"item/cutlass-Sword_1H_102"},{"id":"Sword_1H_005","slug":"falchion","name":"Falchion","icon":"sword_1h_005_demonhunter_male","path":"item/falchion-Sword_1H_005"},{"id":"p43_RetroSword_002","slug":"griswolds-edge","name":"Griswold's Edge","icon":"p43_retrosword_002_demonhunter_male","path":"item/griswolds-edge-p43_RetroSword_002"}]