[{"id":"Sword_2H_101","slug":"great-sword","name":"Great Sword","icon":"sword_2h_101_demonhunter_male","path":"item/great-sword-Sword_2H_101"},{"id":"Unique_Sword_2H_002_x1","slug":"the-zweihander","name":"The Zweihander","icon":"unique_sword_2h_002_x1_demonhunter_male","path":"item/the-zweihander-Unique_Sword_2H_002_x1"},{"id":"Sword_2H_206","slug":"warlord-sword","name":"Warlord Sword","icon":"sword_2h_206_demonhunter_male","path":"item/warlord-sword-Sword_2H_206"},{"id":"Sword_2H_001","slug":"twohanded-sword","name":"Two-Handed Sword","icon":"sword_2h_001_demonhunter_male","path":"item/twohanded-sword-Sword_2H_001"},{"id":"Unique_Sword_2H_008_x1","slug":"the-sultan-of-blinding-sand","name":"The Sultan of Blinding Sand","icon":"unique_sword_2h_008_x1_demonhunter_male","path":"item/the-sultan-of-blinding-sand-Unique_Sword_2H_008_x1"},{"id":"Sword_2H_005","slug":"nodachi","name":"Nodachi","icon":"sword_2h_005_demonhunter_male","path":"item/nodachi-Sword_2H_005"},{"id":"Unique_Sword_2H_001_x1","slug":"the-grandfather","name":"The Grandfather","icon":"unique_sword_2h_001_x1_demonhunter_male","path":"item/the-grandfather-Unique_Sword_2H_001_x1"},{"id":"Unique_Sword_2H_102_x1","slug":"cams-rebuttal","name":"Cam's Rebuttal","icon":"unique_sword_2h_102_x1_demonhunter_male","path":"item/cams-rebuttal-Unique_Sword_2H_102_x1"},{"id":"Unique_Sword_2H_004_x1","slug":"scourge","name":"Scourge","icon":"unique_sword_2h_004_x1_demonhunter_male","path":"item/scourge-Unique_Sword_2H_004_x1"},{"id":"Sword_2H_204","slug":"colossus-blade","name":"Colossus Blade","icon":"sword_2h_204_demonhunter_male","path":"item/colossus-blade-Sword_2H_204"},{"id":"Unique_Sword_2H_011_x1","slug":"blackguard","name":"Blackguard","icon":"unique_sword_2h_011_x1_demonhunter_male","path":"item/blackguard-Unique_Sword_2H_011_x1"},{"id":"Sword_2H_105","slug":"nagamaki","name":"Nagamaki","icon":"sword_2h_105_demonhunter_male","path":"item/nagamaki-Sword_2H_105"},{"id":"Sword_2H_201","slug":"highland-sword","name":"Highland Sword","icon":"sword_2h_201_demonhunter_male","path":"item/highland-sword-Sword_2H_201"},{"id":"Sword_2H_103","slug":"kilij","name":"Kilij","icon":"sword_2h_103_demonhunter_male","path":"item/kilij-Sword_2H_103"},{"id":"Sword_2H_301","slug":"gothic-blade","name":"Gothic Blade","icon":"sword_2h_301_demonhunter_male","path":"item/gothic-blade-Sword_2H_301"},{"id":"Unique_Sword_2H_103_x1","slug":"blood-brother","name":"Blood Brother","icon":"unique_sword_2h_103_x1_demonhunter_male","path":"item/blood-brother-Unique_Sword_2H_103_x1"},{"id":"Sword_2H_302","slug":"kingslayer","name":"Kingslayer","icon":"sword_2h_302_demonhunter_male","path":"item/kingslayer-Sword_2H_302"},{"id":"Unique_Sword_2H_101_x1","slug":"stalgards-decimator","name":"Stalgard's Decimator","icon":"unique_sword_2h_101_x1_demonhunter_male","path":"item/stalgards-decimator-Unique_Sword_2H_101_x1"},{"id":"Sword_2H_102","slug":"reaver","name":"Reaver","icon":"sword_2h_102_demonhunter_male","path":"item/reaver-Sword_2H_102"},{"id":"Sword_2H_203","slug":"yatagan","name":"Yatagan","icon":"sword_2h_203_demonhunter_male","path":"item/yatagan-Sword_2H_203"},{"id":"Unique_Sword_2H_010_x1","slug":"maximus","name":"Maximus","icon":"unique_sword_2h_010_x1_demonhunter_male","path":"item/maximus-Unique_Sword_2H_010_x1"},{"id":"Sword_2H_106","slug":"grand-sword","name":"Grand Sword","icon":"sword_2h_106_demonhunter_male","path":"item/grand-sword-Sword_2H_106"},{"id":"Unique_Sword_2H_104_x1","slug":"corrupted-ashbringer","name":"Corrupted Ashbringer","icon":"unique_sword_2h_104_x1_demonhunter_male","path":"item/corrupted-ashbringer-Unique_Sword_2H_104_x1"},{"id":"P61_Unique_Sword_2H_007_x1","slug":"blade-of-prophecy","name":"Blade of Prophecy","icon":"p61_unique_sword_2h_007_x1_demonhunter_male","path":"item/blade-of-prophecy-P61_Unique_Sword_2H_007_x1"},{"id":"Unique_Sword_2H_014","slug":"splintered-oar","name":"Splintered Oar","icon":"unique_sword_2h_014_demonhunter_male","path":"item/splintered-oar-Unique_Sword_2H_014"},{"id":"Sword_2H_104","slug":"mameluke","name":"Mameluke","icon":"sword_2h_104_demonhunter_male","path":"item/mameluke-Sword_2H_104"},{"id":"Sword_2H_202","slug":"brimstone-sword","name":"Brimstone Sword","icon":"sword_2h_202_demonhunter_male","path":"item/brimstone-sword-Sword_2H_202"},{"id":"P61_Unique_Sword_2H_012_x1","slug":"faithful-memory","name":"Faithful Memory","icon":"p61_unique_sword_2h_012_x1_demonhunter_male","path":"item/faithful-memory-P61_Unique_Sword_2H_012_x1"},{"id":"Unique_Sword_2H_014_104","slug":"splintered-oar","name":"Splintered Oar","icon":"unique_sword_2h_014_104_demonhunter_male","path":"item/splintered-oar-Unique_Sword_2H_014_104"},{"id":"Sword_2H_003","slug":"dervish","name":"Dervish","icon":"sword_2h_003_demonhunter_male","path":"item/dervish-Sword_2H_003"},{"id":"Sword_2H_205","slug":"oni-blade","name":"Oni Blade","icon":"sword_2h_205_demonhunter_male","path":"item/oni-blade-Sword_2H_205"},{"id":"Unique_Sword_2H_014_x1","slug":"splintered-oar","name":"Splintered Oar","icon":"unique_sword_2h_014_x1_demonhunter_male","path":"item/splintered-oar-Unique_Sword_2H_014_x1"},{"id":"Sword_2H_002","slug":"flamberge","name":"Flamberge","icon":"sword_2h_002_demonhunter_male","path":"item/flamberge-Sword_2H_002"},{"id":"Unique_Sword_2H_014_1xx","slug":"splintered-oar","name":"Splintered Oar","icon":"unique_sword_2h_014_1xx_demonhunter_male","path":"item/splintered-oar-Unique_Sword_2H_014_1xx"},{"id":"Sword_2H_006","slug":"claymore","name":"Claymore","icon":"sword_2h_006_demonhunter_male","path":"item/claymore-Sword_2H_006"},{"id":"Sword_2H_004","slug":"executioner-sword","name":"Executioner Sword","icon":"sword_2h_004_demonhunter_male","path":"item/executioner-sword-Sword_2H_004"},{"id":"Unique_Sword_2H_003_x1","slug":"warmonger","name":"Warmonger","icon":"unique_sword_2h_003_x1_demonhunter_male","path":"item/warmonger-Unique_Sword_2H_003_x1"}]