[{"id":"Wand_006","slug":"enchanter-wand","name":"Enchanter Wand","icon":"wand_006_demonhunter_male","path":"item/enchanter-wand-Wand_006"},{"id":"Wand_204","slug":"spellbinder","name":"Spellbinder","icon":"wand_204_demonhunter_male","path":"item/spellbinder-Wand_204"},{"id":"Wand_104","slug":"battle-wand","name":"Battle Wand","icon":"wand_104_demonhunter_male","path":"item/battle-wand-Wand_104"},{"id":"P1_Wand_norm_unique_01","slug":"aether-walker","name":"Aether Walker","icon":"p1_wand_norm_unique_01_demonhunter_male","path":"item/aether-walker-P1_Wand_norm_unique_01"},{"id":"Wand_206","slug":"strike-wand","name":"Strike Wand","icon":"wand_206_demonhunter_male","path":"item/strike-wand-Wand_206"},{"id":"Wand_101","slug":"petrified-wand","name":"Petrified Wand","icon":"wand_101_demonhunter_male","path":"item/petrified-wand-Wand_101"},{"id":"Unique_Wand_009_1xx","slug":"ruinstoke","name":"Ruinstoke","icon":"unique_wand_009_1xx_demonhunter_male","path":"item/ruinstoke-Unique_Wand_009_1xx"},{"id":"Wand_202","slug":"guardian","name":"Guardian","icon":"wand_202_demonhunter_male","path":"item/guardian-Wand_202"},{"id":"P4_Unique_Wand_010","slug":"fragment-of-destiny","name":"Fragment of Destiny","icon":"p4_unique_wand_010_demonhunter_male","path":"item/fragment-of-destiny-P4_Unique_Wand_010"},{"id":"P42_Unique_Wand_003_x1","slug":"starfire","name":"Starfire","icon":"p42_unique_wand_003_x1_demonhunter_male","path":"item/starfire-P42_Unique_Wand_003_x1"},{"id":"Wand_102","slug":"duelist-wand","name":"Duelist Wand","icon":"wand_102_demonhunter_male","path":"item/duelist-wand-Wand_102"},{"id":"Wand_201","slug":"greater-wand","name":"Greater Wand","icon":"wand_201_demonhunter_male","path":"item/greater-wand-Wand_201"},{"id":"Wand_005","slug":"mentor-wand","name":"Mentor Wand","icon":"wand_005_demonhunter_male","path":"item/mentor-wand-Wand_005"},{"id":"Wand_105","slug":"divination-wand","name":"Divination Wand","icon":"wand_105_demonhunter_male","path":"item/divination-wand-Wand_105"},{"id":"Wand_004","slug":"steel-wand","name":"Steel Wand","icon":"wand_004_demonhunter_male","path":"item/steel-wand-Wand_004"},{"id":"Wand_003","slug":"wand","name":"Wand","icon":"wand_003_demonhunter_male","path":"item/wand-Wand_003"},{"id":"Wand_106","slug":"sorcery-wand","name":"Sorcery Wand","icon":"wand_106_demonhunter_male","path":"item/sorcery-wand-Wand_106"},{"id":"Unique_Wand_006_x1","slug":"blackhand-key","name":"Blackhand Key","icon":"unique_wand_006_x1_demonhunter_male","path":"item/blackhand-key-Unique_Wand_006_x1"},{"id":"Wand_000","slug":"apprentices-wand","name":"Apprentice's Wand","icon":"wand_000_demonhunter_male","path":"item/apprentices-wand-Wand_000"},{"id":"P61_Unique_Wand_101_x1","slug":"wand-of-woh","name":"Wand of Woh","icon":"p61_unique_wand_101_x1_demonhunter_male","path":"item/wand-of-woh-P61_Unique_Wand_101_x1"},{"id":"Unique_Wand_012_x1","slug":"chantodos-will","name":"Chantodo's Will","icon":"unique_wand_012_x1_demonhunter_male","path":"item/chantodos-will-Unique_Wand_012_x1"},{"id":"Wand_103","slug":"jade-wand","name":"Jade Wand","icon":"wand_103_demonhunter_male","path":"item/jade-wand-Wand_103"},{"id":"Wand_107","slug":"silversteel-wand","name":"Silversteel Wand","icon":"wand_107_demonhunter_male","path":"item/silversteel-wand-Wand_107"},{"id":"P61_Wand_norm_unique_02","slug":"unstable-scepter","name":"Unstable Scepter","icon":"p61_wand_norm_unique_02_demonhunter_male","path":"item/unstable-scepter-P61_Wand_norm_unique_02"},{"id":"Wand_002","slug":"oak-wand","name":"Oak Wand","icon":"wand_002_demonhunter_male","path":"item/oak-wand-Wand_002"},{"id":"Wand_301","slug":"demons-head-wand","name":"Demon's Head Wand","icon":"wand_301_demonhunter_male","path":"item/demons-head-wand-Wand_301"},{"id":"Wand_207","slug":"desolator-wand","name":"Desolator Wand","icon":"wand_207_demonhunter_male","path":"item/desolator-wand-Wand_207"},{"id":"Unique_Wand_013_x1","slug":"sloraks-madness","name":"Slorak's Madness","icon":"unique_wand_013_x1_demonhunter_male","path":"item/sloraks-madness-Unique_Wand_013_x1"},{"id":"P2_Unique_Wand_002","slug":"gesture-of-orpheus","name":"Gesture of Orpheus","icon":"p2_unique_wand_002_demonhunter_male","path":"item/gesture-of-orpheus-P2_Unique_Wand_002"},{"id":"Wand_001","slug":"lesser-wand","name":"Lesser Wand","icon":"wand_001_demonhunter_male","path":"item/lesser-wand-Wand_001"},{"id":"Unique_Wand_018_1xx","slug":"hallowed-scepter","name":"Hallowed Scepter","icon":"unique_wand_018_1xx_demonhunter_male","path":"item/hallowed-scepter-Unique_Wand_018_1xx"},{"id":"Wand_203","slug":"magus-wand","name":"Magus Wand","icon":"wand_203_demonhunter_male","path":"item/magus-wand-Wand_203"},{"id":"Wand_302","slug":"diabolic-wand","name":"Diabolic Wand","icon":"wand_302_demonhunter_male","path":"item/diabolic-wand-Wand_302"},{"id":"Wand_205","slug":"archmage-wand","name":"Archmage Wand","icon":"wand_205_demonhunter_male","path":"item/archmage-wand-Wand_205"},{"id":"Unique_Wand_102_x1","slug":"serpents-sparker","name":"Serpent's Sparker","icon":"unique_wand_102_x1_demonhunter_male","path":"item/serpents-sparker-Unique_Wand_102_x1"},{"id":"Wand_007","slug":"grim-wand","name":"Grim Wand","icon":"wand_007_demonhunter_male","path":"item/grim-wand-Wand_007"},{"id":"Wand_007a","slug":"conjuration-twig","name":"Conjuration Twig","icon":"wand_007a_demonhunter_male","path":"item/conjuration-twig-Wand_007a"},{"id":"Unique_Wand_018_x1","slug":"hallowed-baton","name":"Hallowed Baton","icon":"unique_wand_018_x1_demonhunter_male","path":"item/hallowed-baton-Unique_Wand_018_x1"},{"id":"Unique_Wand_009_x1","slug":"atrophy","name":"Atrophy","icon":"unique_wand_009_x1_demonhunter_male","path":"item/atrophy-Unique_Wand_009_x1"}]