{"barbarian":{"0":"item-type/bootsbarbarian","1":"item-type/helmbarbarian","2":"item-type/chestarmorbarbarian","3":"item-type/legsbarbarian","4":"item-type/beltbarbarian","5":"item-type/glovesbarbarian","6":"item-type/shouldersbarbarian"},"demonhunter":{"0":"item-type/chestarmordemonhunter","1":"item-type/bootsdemonhunter","2":"item-type/shouldersdemonhunter","3":"item-type/legsdemonhunter","4":"item-type/helmdemonhunter","5":"item-type/glovesdemonhunter"},"monk":{"0":"item-type/shouldersmonk","1":"item-type/helmmonk","2":"item-type/spiritstonemonk","3":"item-type/glovesmonk","4":"item-type/chestarmormonk","5":"item-type/legsmonk","6":"item-type/bootsmonk"},"witchdoctor":{"0":"item-type/gloveswitchdoctor","1":"item-type/chestarmorwitchdoctor","2":"item-type/bootswitchdoctor","3":"item-type/shoulderswitchdoctor","4":"item-type/legswitchdoctor","5":"item-type/helmwitchdoctor"},"wizard":{"0":"item-type/legswizard","1":"item-type/wizardhat","2":"item-type/chestarmorwizard","3":"item-type/shoulderswizard","4":"item-type/bootswizard","5":"item-type/gloveswizard","6":"item-type/helmwizard"},"other":{"0":"item-type/fistweapon","1":"item-type/craftingreagent","2":"item-type/bracers","3":"item-type/healthpotion","4":"item-type/craftingplanlegendarysmith","5":"item-type/combatstaff","6":"item-type/craftingplansmith","7":"item-type/mightyweapon1h","8":"item-type/mightyweapon2h","9":"item-type/flail1h","10":"item-type/flail2h","11":"item-type/crossbow","12":"item-type/sword2h","13":"item-type/polearm","14":"item-type/chestarmor","15":"item-type/scoundrelspecial","16":"item-type/genericbelt","17":"item-type/generichelm","18":"item-type/shoulders","19":"item-type/enchantressspecial","20":"item-type/amulet","21":"item-type/voodoomask","22":"item-type/dagger","23":"item-type/mysteryweapon1h","24":"item-type/mysteryweapon2h","25":"item-type/ceremonialdagger","26":"item-type/gloves","27":"item-type/trainingtome","28":"item-type/axe","29":"item-type/bow","30":"item-type/dye","31":"item-type/gem","32":"item-type/orb","33":"item-type/helm","34":"item-type/legs","35":"item-type/mace","36":"item-type/mojo","37":"item-type/ring","38":"item-type/wand","39":"item-type/mace2h","40":"item-type/axe2h","41":"item-type/boots","42":"item-type/cloak","43":"item-type/templarspecial","44":"item-type/shard","45":"item-type/spear","46":"item-type/staff","47":"item-type/sword","48":"item-type/scythe1h","49":"item-type/scythe2h","50":"item-type/quiver","51":"item-type/scroll","52":"item-type/shield","53":"item-type/craftingplanjeweler","54":"item-type/handxbow","55":"item-type/genericchestarmor","56":"item-type/greatershard","57":"item-type/upgradeablejewel","58":"item-type/scrollbuff"}}