[{"id":"Gloves_WitchDoctor","name":"Gloves","path":"item-type/gloveswitchdoctor"},{"id":"Helm_Crusader","name":"Helm","path":"item-type/helmcrusader"},{"id":"Boots_Barbarian","name":"Boots","path":"item-type/bootsbarbarian"},{"id":"FistWeapon","name":"Fist Weapon","path":"item-type/fistweapon"},{"id":"Boots_Necromancer","name":"Boots","path":"item-type/bootsnecromancer"},{"id":"CraftingReagent","name":"Crafting Material","path":"item-type/craftingreagent"},{"id":"Bracers","name":"Bracers","path":"item-type/bracers"},{"id":"Legs_Wizard","name":"Pants","path":"item-type/legswizard"},{"id":"Boots_Crusader","name":"Boots","path":"item-type/bootscrusader"},{"id":"HealthPotion","name":"Potion","path":"item-type/healthpotion"},{"id":"CraftingPlanLegendary_Smith","name":"Blacksmith Plan","path":"item-type/craftingplanlegendarysmith"},{"id":"CombatStaff","name":"Daibo","path":"item-type/combatstaff"},{"id":"Helm_Barbarian","name":"Helm","path":"item-type/helmbarbarian"},{"id":"CraftingPlan_Smith","name":"Blacksmith Plan","path":"item-type/craftingplansmith"},{"id":"WizardHat","name":"Wizard Hat","path":"item-type/wizardhat"},{"id":"MightyWeapon1H","name":"Mighty Weapon","path":"item-type/mightyweapon1h"},{"id":"MightyWeapon2H","name":"Two-Handed Mighty Weapon","path":"item-type/mightyweapon2h"},{"id":"GeneralUtility","name":"Consumable","path":"item-type/generalutility"},{"id":"Flail1H","name":"Flail","path":"item-type/flail1h"},{"id":"Flail2H","name":"Two-Handed Flail","path":"item-type/flail2h"},{"id":"Crossbow","name":"Crossbow","path":"item-type/crossbow"},{"id":"Sword2H","name":"Two-Handed Sword","path":"item-type/sword2h"},{"id":"ChestArmor_Barbarian","name":"Chest Armor","path":"item-type/chestarmorbarbarian"},{"id":"Polearm","name":"Polearm","path":"item-type/polearm"},{"id":"Legs_Barbarian","name":"Pants","path":"item-type/legsbarbarian"},{"id":"ChestArmor_DemonHunter","name":"Chest Armor","path":"item-type/chestarmordemonhunter"},{"id":"Shoulders_Necromancer","name":"Shoulders","path":"item-type/shouldersnecromancer"},{"id":"ChestArmor_Crusader","name":"Chest Armor","path":"item-type/chestarmorcrusader"},{"id":"PortalDevice","name":"Portal Device","path":"item-type/portaldevice"},{"id":"Boots_DemonHunter","name":"Boots","path":"item-type/bootsdemonhunter"},{"id":"ChestArmor","name":"Chest Armor","path":"item-type/chestarmor"},{"id":"ScoundrelSpecial","name":"Scoundrel Token","path":"item-type/scoundrelspecial"},{"id":"GenericBelt","name":"Belt","path":"item-type/genericbelt"},{"id":"GenericHelm","name":"Helm","path":"item-type/generichelm"},{"id":"Legs_Necromancer","name":"Pants","path":"item-type/legsnecromancer"},{"id":"Shoulders","name":"Shoulders","path":"item-type/shoulders"},{"id":"ChestArmor_Wizard","name":"Chest Armor","path":"item-type/chestarmorwizard"},{"id":"Shoulders_Wizard","name":"Shoulders","path":"item-type/shoulderswizard"},{"id":"Shoulders_Monk","name":"Shoulders","path":"item-type/shouldersmonk"},{"id":"Helm_Necromancer","name":"Helm","path":"item-type/helmnecromancer"},{"id":"Belt_Barbarian","name":"Mighty Belt","path":"item-type/beltbarbarian"},{"id":"EnchantressSpecial","name":"Enchantress Focus","path":"item-type/enchantressspecial"},{"id":"Boots_Wizard","name":"Boots","path":"item-type/bootswizard"},{"id":"Amulet","name":"Amulet","path":"item-type/amulet"},{"id":"VoodooMask","name":"Voodoo Mask","path":"item-type/voodoomask"},{"id":"Dagger","name":"Dagger","path":"item-type/dagger"},{"id":"MysteryWeapon1H","name":"Weapon","path":"item-type/mysteryweapon1h"},{"id":"MysteryWeapon2H","name":"Weapon","path":"item-type/mysteryweapon2h"},{"id":"CeremonialDagger","name":"Ceremonial Knife","path":"item-type/ceremonialdagger"},{"id":"ChestArmor_WitchDoctor","name":"Chest Armor","path":"item-type/chestarmorwitchdoctor"},{"id":"Gloves","name":"Gloves","path":"item-type/gloves"},{"id":"Shoulders_DemonHunter","name":"Shoulders","path":"item-type/shouldersdemonhunter"},{"id":"Boots_WitchDoctor","name":"Boots","path":"item-type/bootswitchdoctor"},{"id":"TrainingTome","name":"Tome of Training","path":"item-type/trainingtome"},{"id":"Axe","name":"Axe","path":"item-type/axe"},{"id":"Bow","name":"Bow","path":"item-type/bow"},{"id":"Dye","name":"Dye","path":"item-type/dye"},{"id":"Gem","name":"Gem","path":"item-type/gem"},{"id":"Orb","name":"Source","path":"item-type/orb"},{"id":"Gold","name":"Gold","path":"item-type/gold"},{"id":"Helm","name":"Helm","path":"item-type/helm"},{"id":"Legs","name":"Pants","path":"item-type/legs"},{"id":"Mace","name":"Mace","path":"item-type/mace"},{"id":"Mojo","name":"Mojo","path":"item-type/mojo"},{"id":"Ring","name":"Ring","path":"item-type/ring"},{"id":"Wand","name":"Wand","path":"item-type/wand"},{"id":"Legs_DemonHunter","name":"Pants","path":"item-type/legsdemonhunter"},{"id":"Shoulders_Crusader","name":"Shoulders","path":"item-type/shoulderscrusader"},{"id":"Mace2H","name":"Two-Handed Mace","path":"item-type/mace2h"},{"id":"Axe2H","name":"Two-Handed Axe","path":"item-type/axe2h"},{"id":"Boots","name":"Boots","path":"item-type/boots"},{"id":"Cloak","name":"Cloak","path":"item-type/cloak"},{"id":"Helm_Monk","name":"Helm","path":"item-type/helmmonk"},{"id":"TemplarSpecial","name":"Templar Relic","path":"item-type/templarspecial"},{"id":"Quest","name":"Quest","path":"item-type/quest"},{"id":"Shard","name":"Shard","path":"item-type/shard"},{"id":"Spear","name":"Spear","path":"item-type/spear"},{"id":"Staff","name":"Staff","path":"item-type/staff"},{"id":"Sword","name":"Sword","path":"item-type/sword"},{"id":"Scythe1H","name":"Scythe","path":"item-type/scythe1h"},{"id":"Scythe2H","name":"Two-Handed Scythe","path":"item-type/scythe2h"},{"id":"Gloves_Wizard","name":"Gloves","path":"item-type/gloveswizard"},{"id":"Gloves_Necromancer","name":"Gloves","path":"item-type/glovesnecromancer"},{"id":"Quiver","name":"Quiver","path":"item-type/quiver"},{"id":"Gloves_Crusader","name":"Gloves","path":"item-type/glovescrusader"},{"id":"NecromancerOffhand","name":"Phylactery","path":"item-type/necromanceroffhand"},{"id":"Scroll","name":"Scroll","path":"item-type/scroll"},{"id":"Shield","name":"Shield","path":"item-type/shield"},{"id":"CraftingPlan_Jeweler","name":"Jeweler Design","path":"item-type/craftingplanjeweler"},{"id":"Gloves_Barbarian","name":"Gloves","path":"item-type/glovesbarbarian"},{"id":"Helm_DemonHunter","name":"Helm","path":"item-type/helmdemonhunter"},{"id":"SpiritStone_Monk","name":"Spirit Stone","path":"item-type/spiritstonemonk"},{"id":"CrusaderShield","name":"Crusader Shield","path":"item-type/crusadershield"},{"id":"HandXbow","name":"Hand Crossbow","path":"item-type/handxbow"},{"id":"Helm_Wizard","name":"Helm","path":"item-type/helmwizard"},{"id":"GenericChestArmor","name":"Chest Armor","path":"item-type/genericchestarmor"},{"id":"Shoulders_WitchDoctor","name":"Shoulders","path":"item-type/shoulderswitchdoctor"},{"id":"Gloves_Monk","name":"Gloves","path":"item-type/glovesmonk"},{"id":"Legs_Crusader","name":"Pants","path":"item-type/legscrusader"},{"id":"Legs_WitchDoctor","name":"Pants","path":"item-type/legswitchdoctor"},{"id":"Gloves_DemonHunter","name":"Gloves","path":"item-type/glovesdemonhunter"},{"id":"Shoulders_Barbarian","name":"Shoulders","path":"item-type/shouldersbarbarian"},{"id":"CraftingPlan_MysticTransmog","name":"Transmogrify Plan","path":"item-type/craftingplanmystictransmog"},{"id":"GreaterShard","name":"Greater Shard","path":"item-type/greatershard"},{"id":"Helm_WitchDoctor","name":"Helm","path":"item-type/helmwitchdoctor"},{"id":"ChestArmor_Monk","name":"Chest Armor","path":"item-type/chestarmormonk"},{"id":"Legs_Monk","name":"Pants","path":"item-type/legsmonk"},{"id":"UpgradeableJewel","name":"Gem","path":"item-type/upgradeablejewel"},{"id":"Boots_Monk","name":"Boots","path":"item-type/bootsmonk"},{"id":"ScrollBuff","name":"Scroll","path":"item-type/scrollbuff"},{"id":"ChestArmor_Necromancer","name":"Chest Armor","path":"item-type/chestarmornecromancer"}]